name,cv_delta,cv_se,cv_z,ho_delta,ho_se,ho_z,cv_acc,ho_acc,pos_share_ho,verdict,min_z,sum_z,source,survivor,near_miss,theme
XS_SKEW_RET1,0.0001309243257397,0.0008070692455044,0.1622219239166875,0.0036005434782608,0.0014987942679159,2.402293333605652,0.5200342680191719,0.5266077898550725,0.5989290252314394,survivor,,,screen_xs_part1.csv,,,xs
SAX_TRI_RATE,0.0005464667509136,0.0006409210056597,0.8526273067787805,0.0022192028985507,0.0013022945803773,1.704071361417821,0.5204498104443458,0.5252264492753623,0.5971238982674815,survivor,0.8526273067787805,2.5566986681966015,creative/screen_creative_ALL.csv,,,creative
XS_KURT_RET1,0.000142309049717,0.0008476542102967,0.1678857345228906,0.0026154891304347,0.001540024049346,1.6983430431138071,0.5200456527431493,0.5256227355072464,0.5939271091748856,survivor,,,screen_xs_part1.csv,,,xs
SKIP_MOM_6_20,0.0002134635745756,0.0006172573840269,0.3458258744237311,0.0018682065217391,0.0011099452856879,1.6831519047186905,0.5201168072680078,0.5248754528985508,0.591678263851072,survivor,,,screen_ordinary_part1.csv,,,ordinary
XS_MED_PATH_RM5,-0.0002988490044058,0.0007205993698411,-0.4147228222968858,0.0023097826086956,0.0014668775648161,1.5746253566739703,0.5196044946890263,0.5253170289855073,0.5917488554083218,noise,,,screen_xs_part4.csv,,,xs
STOCH_20,0.0007257761535571,0.0006300960042902,1.1518501127056768,0.0019248188405797,0.001225984227104,1.570019253123943,0.5206291198469893,0.5249320652173913,0.5930800104878885,survivor,,,screen_ordinary_part2.csv,,,ordinary
RET1_MINUS_RET2,-5.692361988683569e-05,0.0006386314916527,-0.0891337502626432,0.0020493659420289,0.0013141238875689,1.5594921920339155,0.5198464200735453,0.5250566123188406,0.5911841229503237,noise,,,screen_ordinary_part3.csv,,,ordinary
XS_N_GROUPS,0.0003244646333549,0.0006875847660756,0.471890375359584,0.0021173007246376,0.0013904450905172,1.522750333024682,0.5202278083267872,0.5251245471014493,0.6096186039006878,survivor,,,screen_xs_part2.csv,,,xs
SIG_V_P,0.0005236973029588,0.0006093580581875,0.8594245959699672,0.0018795289855072,0.0012415256192642,1.5138865894858091,0.520427040996391,0.5248867753623189,0.5903975313123979,survivor,0.8594245959699672,2.373311185455776,creative/screen_creative_ALL.csv,,,creative
PAT4_GROUP_RATE,-0.0008851622892402,0.0007816707045488,-1.1323979318774369,0.0022305253623188,0.0014919890376652,1.495001173607388,0.5190181814041919,0.5252377717391304,0.5888142635283677,noise,-1.1323979318774369,0.3626032417299512,creative/screen_creative_ALL.csv,,,creative
SKIP_MOM_2_10,0.0004866969500324,0.0006141462767716,0.7924772459597862,0.0017549818840579,0.0012212671535171,1.4370171825253195,0.5203900406434646,0.5247622282608696,0.5974667715455517,noise,,,screen_ordinary_part1.csv,,,ordinary
XS_CS_ARPOOL_B1,0.0001764632216491,0.0007353697824048,0.2399652880379669,0.0019248188405797,0.0013505639848934,1.425196334353303,0.5200798069150814,0.5249320652173913,0.5984853068715839,noise,,,screen_xs_part6.csv,,,xs
STD_2_20,-0.0011043182258046,0.0006148040477556,-1.7962117032832787,0.0015851449275362,0.0011665943147637,1.3587799181562623,0.5187990254676276,0.5245923913043479,0.5932817006514592,noise,,,screen_ordinary_part4.csv,,,ordinary
XS_CSREG_B2,-0.0010787025968555,0.0006783278928233,-1.5902377128644591,0.0018455615942028,0.00138461767,1.3329033957820222,0.5188246410965767,0.5248528079710145,0.5957524051552006,noise,,,screen_xs_part6.csv,,,xs
XS_MEAN_VOL,-2.846180994341835e-06,0.0007684913680887,-0.0037035952679863,0.0020720108695652,0.0016428163280415,1.2612553419378782,0.5199004975124378,0.5250792572463768,0.5908412496722535,noise,,,screen_xs_part1.csv,,,xs
SV_SUM_20,0.0002106173935812,0.000605717046351,0.3477158102947142,0.0016417572463768,0.0013434805669858,1.2220178592237534,0.5201139610870135,0.5246490036231884,0.5912345454912163,noise,0.3477158102947142,1.5697336695184676,creative/screen_creative_ALL.csv,,,creative
XS_STD_RM5,0.0008396233933308,0.0007886487188077,1.064635462288194,0.0017889492753623,0.0014717804929716,1.215500058538113,0.520742967086763,0.524796195652174,0.6046066033359553,noise,,,screen_xs_part1.csv,,,xs
XS_GSTD_RET1,0.0002390792035247,0.0006788553145586,0.3521799099122337,0.0016077898550724,0.0013298036813414,1.2090430171246396,0.5201424228969569,0.5246150362318841,0.5973054194146952,noise,,,screen_xs_part3.csv,,,xs
ACF_1,-0.0006,0.0006,-1.0,0.0015,0.0013,1.2,,,,noise,-1.0,0.1999999999999999,creative/screen_creative_ALL.csv,,,creative
EWMA_HL2,-0.000449696597106,0.000626110681963,-0.7182381806616718,0.0014379528985507,0.00121210719604,1.1863248590953503,0.5194536470963261,0.5244451992753624,0.5928884048324963,noise,,,screen_ordinary_part1.csv,,,ordinary
AC1_20,-0.000574928560857,0.0005998682879144,-0.9584246616135028,0.0014945652173913,0.0012628697819382,1.1834674000176173,0.5193284151325751,0.524501811594203,0.5934027147496017,noise,,,screen_ordinary_part4.csv,,,ordinary
XS_REL_MOM_5v20,0.0007798535924496,0.000639578679334,1.2193239356596477,0.0014266304347826,0.0012355292615909,1.1546715072904212,0.5206831972858819,0.5244338768115943,0.5911538694257881,noise,,,screen_xs_part6.csv,,,xs
XS_BREADTH_MEAN20,0.0013803977822557,0.0008067672433091,1.711023586671362,0.0021399456521739,0.0018827927405343,1.136580573157849,0.5212837414756879,0.5251471920289855,0.611484237913717,survivor,,,screen_xs_part1.csv,,,xs
XS_BREADTH_STD20,0.001266550542482,0.0007151623134456,1.7709973228033016,0.0017210144927536,0.001542675276367,1.1156038598133255,0.5211698942359143,0.5247282608695653,0.5857687420584498,survivor,,,screen_xs_part1.csv,,,xs
XS_MED_PATH_RM20,0.0002931566424172,0.0008373513766369,0.3500999109771627,0.0021739130434782,0.0019544262306376,1.1123024289174726,0.5201965003358494,0.5251811594202899,0.5884915592666545,noise,,,screen_xs_part4.csv,,,xs
XS_CSREG_R2,0.000142309049717,0.0007550769800672,0.1884695911460726,0.001664402173913,0.0014979997152983,1.1110831042992524,0.5200456527431493,0.5246716485507247,0.5876041225469434,noise,,,screen_xs_part6.csv,,,xs
GMM3_POST,5.9769800881177663e-05,0.0006092599241495,0.0981023016811896,0.0013134057971014,0.0012139811648961,1.0818996497476727,0.5199631134943133,0.5243206521739131,0.5914261511466086,noise,0.0981023016811896,1.1800019514288622,creative/screen_creative_ALL.csv,,,creative
XS_SHARE_POS_RM20,-0.0005777747418513,0.0007354670569419,-0.785588880423491,0.001370018115942,0.0013022598635304,1.0520312837008257,0.5193255689515808,0.5243772644927537,0.5999878985901858,noise,,,screen_xs_part1.csv,,,xs
XS_CORR_GPATH_G4,0.0014515523071143,0.0007395620368157,1.9627187914675568,0.0013247282608695,0.0012868111431748,1.029465953800467,0.5213548960005465,0.5243319746376812,0.59224299630907,survivor,,,screen_xs_part3.csv,,,xs
SKIP_MOM_11_20,0.0012978585334198,0.0006269922798328,2.0699753013959215,0.0012001811594202,0.0011893097170675,1.009140968241253,0.5212012022268521,0.524207427536232,0.5903067707387911,survivor,,,screen_ordinary_part1.csv,,,ordinary
DAYS_SINCE_PEAK,-0.0001963864886095,0.0006240671391071,-0.314688078097755,0.0012907608695652,0.0012983107608228,0.9941848350291608,0.5197069572048226,0.5242980072463769,0.5954297008934875,noise,-0.314688078097755,0.6794967569314058,creative/screen_creative_ALL.csv,,,creative
EFFICIENCY_RATIO,-0.0003557726242927,0.0006231926749789,-0.5708870443715638,0.0012115036231884,0.0012354685980636,0.9806025220610264,0.5195475710691394,0.5242187500000001,0.5934329682741373,noise,-0.5708870443715638,0.4097154776894626,creative/screen_creative_ALL.csv,,,creative
XS_RM20_RANK,-0.0001536937736944,0.0006061987641545,-0.2535369301005128,0.001177536231884,0.0012011083231678,0.9803747165604656,0.5197496499197377,0.5241847826086957,0.5939674472075996,noise,,,screen_xs_part7.csv,,,xs
XS_RET1_x_BREADTH,0.0002305406605416,0.0006158850845234,0.3743241496424008,0.0012341485507246,0.0012808837187594,0.9635133405551548,0.5201338843539739,0.5242413949275363,0.5941893063875274,noise,,,screen_xs_part6.csv,,,xs
RSI_14,0.0005521591129023,0.0006158363068249,0.8966004549960273,0.001177536231884,0.001240609225224,0.9491596611909464,0.5204555028063345,0.5241847826086957,0.5950061515499889,noise,,,screen_ordinary_part2.csv,,,ordinary
XS_CS_REV_COEF,0.0003870806152304,0.0007520508373788,0.5147000654631226,0.0013813405797101,0.0014696600683609,0.9399048184323692,0.5202904243086627,0.5243885869565218,0.5892176438555091,noise,,,screen_xs_part6.csv,,,xs
XS_CS_MOM_COEF,-0.0005635438368796,0.0008601917849048,-0.6551374318716859,0.0012454710144927,0.0013804418915612,0.9022263248503324,0.5193397998565525,0.5242527173913044,0.5991206308868317,noise,,,screen_xs_part6.csv,,,xs
SIGN_ASYM,0.0004866969500324,0.0006079903344393,0.8005011304681809,0.0011662137681159,0.001295656398907,0.9000949395994637,0.5203900406434646,0.5241734601449276,0.5946531937637402,noise,0.8005011304681809,1.7005960700676446,creative/screen_creative_ALL.csv,,,creative
PATH_ROUGHNESS,-0.0003159260903719,0.0006073452225524,-0.5201754762212853,0.0011096014492753,0.0012377962348083,0.8964330461444349,0.5195874176030603,0.524116847826087,0.5918698695064641,noise,-0.5201754762212853,0.3762575699231495,creative/screen_creative_ALL.csv,,,creative
XS_REL_SLOPE,0.0001963864886095,0.0006018201226679,0.3263209075478835,0.0011209239130434,0.0012670797071642,0.8846514601296023,0.5200997301820417,0.5241281702898551,0.5931707710614953,noise,,,screen_xs_part6.csv,,,xs
STOCH_14,0.0007371608775345,0.000610228208387,1.2080085243568204,0.0010869565217391,0.001277331082198,0.8509591106705972,0.5206405045709667,0.5240942028985508,0.5915169117202154,noise,,,screen_ordinary_part2.csv,,,ordinary
Z_RET1_VS_19,0.0001110010587793,0.0006087484180353,0.18234307554764,0.000985054347826,0.0011678391390691,0.8434846160501408,0.5200143447522115,0.5239923007246378,0.6009459268671467,noise,,,screen_ordinary_part2.csv,,,ordinary
SENT_FIRST_POS_LAG,-0.00058346710384,0.0005975937612185,-0.9763607683091052,0.0010982789855072,0.0013091714061648,0.8389115285710306,0.5193198765895921,0.5241055253623189,0.5928984893406749,noise,,,volscreen/screen_volume_c1_path.csv,,,volume
STOCH_5,-0.0003614649862814,0.0005915831343915,-0.6110130009929255,0.0010303442028985,0.0012395162772432,0.831247012899332,0.5195418787071507,0.5240375905797102,0.5960448558923781,noise,,,screen_ordinary_part2.csv,,,ordinary
FFT_LOW_SHARE,0.0002789257374454,0.000590033402378,0.4727287240372234,0.0009171195652173,0.001163710677178,0.7880992958158479,0.5201822694308776,0.523924365942029,0.5943002359774914,noise,0.4727287240372234,1.2608280198530712,creative/screen_creative_ALL.csv,,,creative
MAX_DRAWDOWN,0.0014686293930803,0.0006142572432509,2.390902849281158,0.0010190217391304,0.0012935127389293,0.7877941271563407,0.5213719730865125,0.5240262681159421,0.5941388838466348,survivor,0.7877941271563407,3.1786969764374984,creative/screen_creative_ALL.csv,,,creative
R1_R2_GAP_MAD,-9.392397281327923e-05,0.0006358227399327,-0.147720373799802,0.0009963768115942,0.001276354124985,0.780642920401019,0.5198094197206189,0.5240036231884059,0.5941691373711704,noise,-0.147720373799802,0.632922546601217,creative/screen_creative_ALL.csv,,,creative
TREV_2,0.0002390792035247,0.000594727592589,0.4019978331321953,0.000883152173913,0.001151964592189,0.7666487146404574,0.5201424228969569,0.5238903985507246,0.5926665456525685,noise,0.4019978331321953,1.1686465477726526,creative/screen_creative_ALL.csv,,,creative
ABSV_EWMA_2_20,-0.0002903104614228,0.0005934678531514,-0.4891763890516425,0.0008944746376811,0.0011808786386678,0.7574653384281884,0.5196130332320092,0.5239017210144927,0.5910530243440028,noise,,,volscreen/screen_volume_c1_path.csv,,,volume
CHEB_C1,0.0004923893120211,0.0006006755448189,0.8197259173745319,0.0009057971014492,0.0012030233107324,0.7529339567807408,0.5203957330054533,0.5239130434782608,0.594048123273028,noise,0.7529339567807408,1.5726598741552729,creative/screen_creative_ALL.csv,,,creative
SV_SLOPE_2_20,-0.0005009278550041,0.0005906185180014,-0.8481411261862071,0.0009057971014492,0.0012128179984582,0.7468532810369778,0.519402415838428,0.5239130434782608,0.5894899255763296,noise,,,volscreen/screen_volume_c1_path.csv,,,volume
XS_MEAN_MINUS_MED_RET1,-0.0006005441898061,0.0007164680796385,-0.8382009008818353,0.0010529891304347,0.0014511008860378,0.7256484649457738,0.519302799503626,0.5240602355072465,0.5885722353320828,noise,,,screen_xs_part1.csv,,,xs
XS_RESID1_MKT_OOS,-0.0005151587599758,0.0006316980623487,-0.815514231689141,0.0008378623188405,0.0011640637331962,0.7197735784964288,0.5193881849334563,0.5238451086956522,0.5939271091748856,noise,,,screen_xs_part4.csv,,,xs
VOL_LEADS_RET_CORR,-2.27694479547343e-05,0.0005968197271167,-0.0381512991615302,0.0009171195652173,0.0012851248504105,0.7136423865155282,0.5198805742454774,0.523924365942029,0.5935539823722797,noise,-0.0381512991615302,0.6754910873539981,creative/screen_creative_ALL.csv,,,creative
TREV_CUM_1,0.0003984653392078,0.0005924066803388,0.6726212793210131,0.0008944746376811,0.0012635796987559,0.7078893706204754,0.52030180903264,0.5239017210144927,0.5961053629414493,noise,0.6726212793210131,1.3805106499414883,creative/screen_creative_ALL.csv,,,creative
XS_COS_MKT,3.130799093775975e-05,0.0006704825502391,0.0466947140184197,0.0009171195652173,0.001309510256218,0.7003530983148336,0.5199346516843699,0.523924365942029,0.5955305459752728,noise,,,screen_xs_part5.csv,,,xs
HIVOL_RET_20,0.0002,0.0006,0.4,0.0009,0.0012,0.7,,,,noise,,,volscreen/screen_volume_g_fromlog.csv,,,volume
SVLATEST_SIGN_x_RET1,-0.0006318521807438,0.0006231572849921,-1.0139529713623523,0.0008265398550724,0.0011848387543053,0.6975969110303781,0.5192714915126883,0.523833786231884,0.5903874468042194,noise,,,volscreen/screen_volume_c2_trend_agree.csv,,,volume
XS_DISP_REL,-0.000816853945376,0.0008071594335726,-1.012010652914708,0.0012115036231884,0.0017417900480544,0.6955508929113776,0.519086489748056,0.5242187500000001,0.5893285734454731,noise,,,screen_xs_part1.csv,,,xs
ABSV_MEAN_2_6,-0.0004781584070494,0.0006255888983751,-0.7643332678878787,0.0008038949275362,0.0011704734929345,0.6868117325073048,0.5194251852863827,0.5238111413043478,0.590982432786753,noise,,,volscreen/screen_volume_c2_trend_agree.csv,,,volume
LONGEST_POS_RUN_20,-3.700035292644331e-05,0.0006056847149271,-0.0610884706425081,0.0007925724637681,0.0011810523586325,0.6710730967810431,0.5198663433405057,0.5237998188405797,0.5911841229503237,noise,,,screen_ordinary_part3.csv,,,ordinary
BOLL_POS_20,9.39239728132792e-05,0.0006275318034496,0.1496720521525101,0.0007699275362318,0.0011607814474848,0.6632838058362887,0.5199972676662454,0.5237771739130435,0.5944817571247051,noise,,,screen_ordinary_part2.csv,,,ordinary
ABSV_SLOPE_2_20,-3.130799093775964e-05,0.0005909563537931,-0.0529785164958515,0.0007812499999999,0.0012031367168448,0.6493443255965143,0.5198720357024944,0.5237884963768116,0.5900949960670419,noise,,,volscreen/screen_volume_c1_path.csv,,,volume
SV_TREND,-0.0003842344342361,0.0005912565680125,-0.6498607457803257,0.0007472826086956,0.0011755790435849,0.6356719378194913,0.519519109259196,0.5237545289855072,0.5903773622960409,noise,-0.6498607457803257,-0.0141888079608344,creative/screen_creative_ALL.csv,,,creative
XS_GMEAN_RM5_G2,0.000224848298553,0.0007853701644139,0.2862959515667241,0.0010869565217391,0.0017208426203425,0.6316420275101842,0.5201281919919851,0.5240942028985508,0.6054234484984168,noise,,,screen_xs_part2.csv,,,xs
XS_MOM_AGREE_5v20,0.0004952354930154,0.0006865961454829,0.7212908145109397,0.0010303442028985,0.0016357863985718,0.6298769838153286,0.5203985791864476,0.5240375905797102,0.5969121235957322,noise,,,screen_xs_part2.csv,,,xs
XS_MKT_VOLRATIO,0.0002276944795473,0.000790201153708,0.2881474906470234,0.000883152173913,0.0014124344722286,0.6252694841974169,0.5201310381729795,0.5238903985507246,0.5878058127105141,noise,,,screen_xs_part4.csv,,,xs
VR_5_20,-0.000691621981625,0.0006049999979585,-1.1431768329896954,0.0008038949275362,0.0012957258753742,0.6204205247534045,0.5192117217118071,0.5238111413043478,0.5935943204049938,noise,,,screen_ordinary_part4.csv,,,ordinary
FLOW_SIGNAL_SV1,5.976980088117772e-05,0.0005818577241352,0.1027223639077907,0.000690670289855,0.0011320545175573,0.610103382075042,0.5199631134943133,0.5236979166666667,0.5913757286057159,noise,0.1027223639077907,0.7128257459828327,creative/screen_creative_ALL.csv,,,creative
XS_MKT_DD_NOW,0.0004098500631852,0.0006641945598787,0.6170632642038697,0.00078125,0.0012922910140133,0.6045464926462208,0.5203131937566173,0.5237884963768116,0.5913454750811803,noise,,,screen_xs_part4.csv,,,xs
R1DEC_PAT3_RATE,-0.0013917825062331,0.000726943845461,-1.9145667370639043,0.0008378623188405,0.0014099694589037,0.5942414664017174,0.518511561187199,0.5238451086956522,0.5974566870373732,noise,-1.9145667370639043,-1.3203252706621869,creative/screen_creative_ALL.csv,,,creative
SV2_x_RET2,0.0001195396017623,0.0006281288301525,0.190310643333039,0.0007246376811594,0.0012288922800606,0.5896673719226667,0.5200228832951945,0.523731884057971,0.5950565740908816,noise,,,volscreen/screen_volume_c2_trend_agree.csv,,,volume
RET1_IN_RANGE_20,0.0003443879003153,0.0006063177079445,0.5679990800249334,0.0006793478260869,0.0011562969704615,0.5875201989120508,0.5202477315937475,0.5236865942028985,0.5957524051552006,noise,,,screen_ordinary_part2.csv,,,ordinary
MAD_20,-0.0005550052938966,0.0005928617135446,-0.9361462904703032,0.0007019927536231,0.001198631834078,0.5856616966652849,0.5193483383995355,0.5237092391304348,0.5921018131945704,noise,,,screen_ordinary_part4.csv,,,ordinary
CHEB_C2,0.0001878479456265,0.0006140046725949,0.3059389512992598,0.000690670289855,0.0011956984155548,0.5776291754426771,0.5200911916390587,0.5236979166666667,0.5935338133559226,noise,0.3059389512992598,0.8835681267419369,creative/screen_creative_ALL.csv,,,creative
KNN50_5D,-0.0008396233933308,0.0005905153608923,-1.4218485223856627,0.0007019927536231,0.0012235850204712,0.5737180023279588,0.5190637203001013,0.5237092391304348,0.5921724047518202,noise,-1.4218485223856627,-0.848130520057704,creative/screen_creative_ALL.csv,,,creative
XS_RESID1_MKT_Z,0.0007684688684722,0.0006074747714976,1.2650218651511658,0.0007472826086956,0.0013062600971799,0.5720779577581282,0.5206718125619044,0.5237545289855072,0.5981020955607995,noise,,,screen_xs_part4.csv,,,xs
XS_CORR_GROUP,0.0007741612304609,0.0006901508902577,1.121727496680943,0.00078125,0.0013709037034599,0.5698795604886419,0.5206775049238931,0.5237884963768116,0.5944414190919909,noise,,,screen_xs_part3.csv,,,xs
FFT_MAG_4,-0.0003443879003153,0.0006438518022183,-0.5348869089576072,0.0007359601449275,0.001301299151224,0.5655579996615253,0.5195589557931168,0.5237432065217391,0.5935539823722797,noise,-0.5348869089576072,0.0306710907039181,creative/screen_creative_ALL.csv,,,creative
UP_DOWN_VOL_RATIO_20,0.0006375445427325,0.0006429640224816,0.9915710995333458,0.0007246376811594,0.0013370471822518,0.5419686685543618,0.5205408882361647,0.523731884057971,0.5977390532663722,noise,,,screen_ordinary_part4.csv,,,ordinary
XS_MKT_VOL5,-9.677015380762084e-05,0.0007226146275399,-0.1339166827234967,0.0008718297101449,0.0016248753597999,0.5365517452688033,0.5198065735396246,0.5238790760869565,0.5843266573889191,noise,,,screen_xs_part4.csv,,,xs
XS_CORR_GPATH_G1,-2.5615628949076296e-05,0.0006667846465762,-0.0384166448351886,0.0007925724637681,0.0014899606253255,0.5319418851051566,0.5198777280644831,0.5237998188405797,0.5975978701518727,noise,,,screen_xs_part3.csv,,,xs
XS_MOM_AGREE_1v5,-0.000449696597106,0.0007608972680464,-0.5910082950627222,0.0008605072463768,0.0016280964426985,0.5285357942005697,0.5194536470963261,0.5238677536231884,0.5890865452491882,noise,,,screen_xs_part2.csv,,,xs
RSI_10,-0.0003187722713662,0.0006105326421667,-0.5221215858909236,0.0006340579710144,0.0012212817967823,0.5191741764144996,0.5195845714220659,0.5236413043478261,0.5925354470462476,noise,,,screen_ordinary_part2.csv,,,ordinary
XS_RESID1_GROUP_OOS,-0.0001024625157963,0.0006010903735717,-0.1704610825614492,0.0006680253623188,0.0012876053973047,0.5188121793502527,0.5198008811776359,0.5236752717391304,0.5927472217179968,noise,,,screen_xs_part3.csv,,,xs
XS_IQR_RET1,2.5615628949075863e-05,0.000792403703751,0.0323264881623067,0.0008718297101449,0.0016916469016543,0.5153733378356469,0.5199289593223813,0.5238790760869565,0.5931304330287812,noise,,,screen_xs_part1.csv,,,xs
XS_REL_RET1_Z,-0.0003756958912531,0.0006099757861057,-0.6159193525560361,0.0005774456521739,0.0011359952178418,0.5083169744947974,0.5195276478021791,0.5235846920289855,0.5954095318771303,noise,,,screen_xs_part6.csv,,,xs
AR2_FORECAST,3.1307990937759695e-05,0.0006035932900377,0.0518693488719863,0.0006000905797101,0.0011943451801832,0.5024431710923505,0.5199346516843699,0.5236073369565217,0.5907504890986467,noise,0.0518693488719863,0.5543125199643368,creative/screen_creative_ALL.csv,,,creative
DFA_ALPHA,-0.0001,0.0006,-0.2,0.0006,0.0012,0.5,,,,noise,-0.2,0.3,creative/screen_creative_ALL.csv,,,creative
ABS_RET_TREND,0.0002732333754568,0.0006206901467661,0.4402089784740091,0.0005661231884057,0.0011445279959705,0.494634635761563,0.520176577068889,0.5235733695652174,0.5914765736875013,noise,,,screen_ordinary_part4.csv,,,ordinary
XS_RM5_MINUS_SIMVOL_MED,0.0003016951854002,0.0006081579482982,0.4960803130904239,0.0006453804347826,0.0013062827094996,0.4940587746352642,0.5202050388788324,0.5236526268115942,0.5941489683548133,noise,,,screen_xs_part5.csv,,,xs
ABSV_MEAN_2_20,0.0005066202169928,0.0006063418552118,0.8355356184604114,0.0005774456521739,0.0011966391277354,0.4825562183201352,0.520409963910425,0.5235846920289855,0.590568967951433,noise,,,volscreen/screen_volume_c1_path.csv,,,volume
ABSV_GT1_COUNT_20,-0.0002988490044058,0.000596414720284,-0.5010758357264852,0.0005774456521739,0.0011966391277354,0.4825562183201352,0.5196044946890263,0.5235846920289855,0.590568967951433,noise,,,volscreen/screen_volume_c2_trend_agree.csv,,,volume
XS_KNN5_SIM,-0.0004696198640663,0.0006635467349871,-0.7077419559233759,0.0006114130434782,0.0012705518871183,0.4812184765353934,0.5194337238293658,0.5236186594202898,0.5962566305641274,noise,,,screen_xs_part5.csv,,,xs
XS_CS_AR_FORECAST,-2.5615628949076188e-05,0.0006417420097162,-0.0399157738799129,0.0005774456521739,0.0012045654864103,0.4793808711012516,0.5198777280644831,0.5235846920289855,0.5917085173756076,noise,,,screen_xs_part6.csv,,,xs
SENT_COUNT,0.0001110010587793,0.0005985955888058,0.1854358115147104,0.0006114130434782,0.001276408909767,0.4790103224756274,0.5200143447522115,0.5236186594202898,0.5970633912184102,noise,,,volscreen/screen_volume_c1_path.csv,,,volume
R1xR2,-0.0003330031763379,0.0005981650296499,-0.5567078646052563,0.0005774456521739,0.0012347215256592,0.4676727830314466,0.5195703405170942,0.5235846920289855,0.5904076158205764,noise,-0.5567078646052563,-0.0890350815738097,creative/screen_creative_ALL.csv,,,creative
POLY2_RESID_STD,0.0011868574746405,0.0006046366626616,1.962926742509991,0.0005095108695652,0.00110138194022,0.462610517713252,0.5210902011680727,0.5235167572463768,0.5937254190113148,survivor,0.462610517713252,2.4255372602232432,creative/screen_creative_ALL.csv,,,creative
XS_R2_MKT,0.000358618805287,0.0006586409415621,0.544483014427375,0.0006227355072463,0.0013514139980054,0.4608029132193849,0.5202619624987193,0.523629981884058,0.5968818700711966,noise,,,screen_xs_part3.csv,,,xs
KURT_20,-0.0001081548777849,0.0005925179455755,-0.1825343495375942,0.0005661231884057,0.0012407122318782,0.456288874938208,0.5197951888156471,0.5235733695652174,0.595197757205381,noise,-0.1825343495375942,0.2737545254006138,creative/screen_creative_ALL.csv,,,creative
COMP_MINUS_SUM_20,2.2769447954734245e-05,0.0006428339180173,0.0354204209151891,0.0005661231884057,0.001247534388456,0.4537936538217805,0.5199261131413869,0.5235733695652174,0.5942498134365987,noise,,,screen_ordinary_part1.csv,,,ordinary
AR1_PRED,0.0001707708596605,0.0006148662273065,0.2777366068853129,0.0005548007246376,0.0012564352934283,0.4415672876586073,0.5200741145530927,0.5235620471014493,0.5927472217179968,noise,,,screen_ordinary_part4.csv,,,ordinary
XS_GBREADTH_G2,0.0013234741623689,0.0007379459221182,1.793456841078536,0.0006114130434782,0.0014026538651021,0.4358973077322604,0.521226817855801,0.5236186594202898,0.5931405175369597,survivor,,,screen_xs_part2.csv,,,xs
ABSV_GT1_COUNT_2_6,-0.0008396233933308,0.0005905153608923,-1.4218485223856627,0.0005208333333333,0.0012032043545766,0.4328718819477483,0.5190637203001013,0.5235280797101449,0.5906395595086827,noise,,,volscreen/screen_volume_c2_trend_agree.csv,,,volume
VOL_RATIO_5_20,0.0008823161082459,0.0006184640663363,1.4266246921548211,0.0005661231884057,0.0013223946996236,0.4281045504544902,0.5207856598016781,0.5235733695652174,0.5965188277767693,noise,,,screen_ordinary_part4.csv,,,ordinary
XS_GBREADTH_G4,0.0002390792035247,0.0007031645765292,0.3400046184134928,0.0006567028985507,0.0015396582791012,0.4265250981107685,0.5201424228969569,0.5236639492753623,0.5710856981505013,noise,,,screen_xs_part2.csv,,,xs
AGREE_12,0.0010502407869121,0.0005993551314601,1.752284633575219,0.0005208333333333,0.0012225020004342,0.4260388393216037,0.5209535844803442,0.5235280797101449,0.5923035033581412,survivor,,,volscreen/screen_volume_c2_trend_agree.csv,,,volume
R1xR5,0.0002646948324737,0.0006021497066712,0.4395830962653285,0.0005774456521739,0.0013588788756167,0.4249426954347506,0.520168038525906,0.5235846920289855,0.5887840100038321,noise,0.4249426954347506,0.864525791700079,creative/screen_creative_ALL.csv,,,creative
EWMA_HL10,0.000224848298553,0.0006135920463339,0.366445914506899,0.0004981884057971,0.0011821006016858,0.4214433230865608,0.5201281919919851,0.5235054347826087,0.5927472217179968,noise,,,screen_ordinary_part1.csv,,,ordinary
STD_RATIO_5_20,0.0006233136377608,0.0006060089288769,1.028555204485169,0.0005548007246376,0.0013208041963987,0.4200476695564445,0.520526657331193,0.5235620471014493,0.5965087432685908,noise,0.4200476695564445,1.4486028740416137,creative/screen_creative_ALL.csv,,,creative
MOM_3,-0.0001679246786661,0.0006373263029646,-0.2634830508093545,0.0005095108695652,0.0012144430420482,0.4195428290369868,0.5197354190147659,0.5235167572463768,0.5935842358968153,noise,,,screen_ordinary_part1.csv,,,ordinary
XS_MKT_MAXRET,-0.000475312226055,0.0007418791406371,-0.6406868720515052,0.0006340579710144,0.0015183248706964,0.4176036257139495,0.519428031467377,0.5236413043478261,0.5903269397551482,noise,,,screen_xs_part4.csv,,,xs
XS_RET1_MINUS_GMED,-0.0002362330225303,0.0006128218723384,-0.3854839932996002,0.0005208333333333,0.0012543809542964,0.4152114487623429,0.5196671106709018,0.5235280797101449,0.5898731368871141,noise,,,screen_xs_part3.csv,,,xs
SV2SIGN_x_RET1SIGN,-0.0006460830857155,0.0005920912812276,-1.0911883120047978,0.0004981884057971,0.0012241084430838,0.4069806140230906,0.5192572606077166,0.5235054347826087,0.5915975877856436,noise,,,volscreen/screen_volume_c2_trend_agree.csv,,,volume
XS_GROUP_RANK,-0.0007428532395232,0.0006161722537951,-1.2055934601855554,0.0005208333333333,0.0012883675017145,0.4042583600100262,0.519160490453909,0.5235280797101449,0.5910126863112886,noise,,,screen_xs_part3.csv,,,xs
VWR_1_20,0.0006,0.0006,1.0,0.0004,0.0012,0.4,,,,noise,,,volscreen/screen_volume_g_fromlog.csv,,,volume
VWR_1_5,0.0003,0.0006,0.4,0.0005,0.0013,0.4,,,,noise,,,volscreen/screen_volume_g_fromlog.csv,,,volume
FFT_PHASE_1,-0.0005293896649475,0.0005766806064097,-0.9179945693742746,0.0004642210144927,0.0011707206746003,0.3965258533178514,0.5193739540284846,0.5234714673913043,0.5949254754845607,noise,-0.9179945693742746,-0.5214687160564232,creative/screen_creative_ALL.csv,,,creative
XS_SHARE_ABOVE_MKT20,-0.0007314685155458,0.0005764295575035,-1.2689642750343095,0.0004868659420289,0.0012529363421217,0.3885799506816993,0.5191718751778863,0.5234941123188406,0.5927472217179968,noise,,,screen_xs_part6.csv,,,xs
XS_RET1_REPORTERS_MEAN,-0.0003756958912531,0.0007255549081477,-0.5178049063333144,0.0005548007246376,0.0014445067972865,0.3840762298106541,0.5195276478021791,0.5235620471014493,0.5951473346644884,noise,,,screen_xs_part5.csv,,,xs
XS_MKT_RM5_MINUS_RM20,-0.0006517754477042,0.0007213722361342,-0.9035216703058796,0.0006000905797101,0.0015819562951077,0.3793344870309996,0.5192515682457279,0.5236073369565217,0.5916480103265364,noise,,,screen_xs_part4.csv,,,xs
FRAC_POS_5_MINUS_20,-0.000674544895659,0.0005863838833213,-1.1503469226308674,0.0004415760869565,0.0012204415816843,0.3618166519261752,0.5192287987977732,0.5234488224637681,0.5913353905730018,noise,,,screen_ordinary_part3.csv,,,ordinary
XS_RET1_MINUS_SIMVOL_MED,-9.96163348019627e-05,0.0006125204998411,-0.162633470761862,0.0004642210144927,0.001297535913314,0.3577712260056721,0.5198037273586302,0.5234714673913043,0.5971743208083742,noise,,,screen_xs_part5.csv,,,xs
RUNS_Z,0.0007257761535571,0.0005955140457098,1.2187389345151294,0.000396286231884,0.0011168321693484,0.3548306028069063,0.5206291198469893,0.5234035326086957,0.594764123353704,noise,0.3548306028069063,1.5735695373220355,creative/screen_creative_ALL.csv,,,creative
AGREE_2_20,-0.0004895431310267,0.0005947978133615,-0.8230412419643759,0.0004076086956521,0.0011867693279443,0.343460760279511,0.5194138005624054,0.5234148550724638,0.5904580383614692,noise,,,volscreen/screen_volume_c2_trend_agree.csv,,,volume
XS_CSREG_RESID,0.0004183886061682,0.0006326134815117,0.6613653018718404,0.000396286231884,0.0011683799683069,0.3391758183412818,0.5203217322996004,0.5234035326086957,0.5883806296766907,noise,,,screen_xs_part5.csv,,,xs
XS_GSTD_REL,-0.0001053086967906,0.0007821834256647,-0.1346342729023557,0.0005208333333333,0.0015798887352932,0.3296645654205891,0.5197980349966416,0.5235280797101449,0.5902260946733627,noise,,,screen_xs_part3.csv,,,xs
LEVY_AREA_TP,0.0007086990675911,0.0005987884869485,1.1835549330660264,0.0003849637681159,0.0011988678467344,0.3211060911880631,0.5206120427610232,0.5233922101449275,0.5934733063068515,noise,0.3211060911880631,1.5046610242540894,creative/screen_creative_ALL.csv,,,creative
STOCH_10,0.0001679246786661,0.000610028634117,0.2752734368103967,0.0004076086956521,0.0012757570072877,0.3195033954928032,0.5200712683720984,0.5234148550724638,0.5924648554889979,noise,,,screen_ordinary_part2.csv,,,ordinary
XS_RET1_Z_SIMVOL,0.0002191559365643,0.0006083523367559,0.3602450805613355,0.0003849637681159,0.0012132625974601,0.3172963288589165,0.5201224996299965,0.5233922101449275,0.5901151650833989,noise,,,screen_xs_part5.csv,,,xs
XS_VOL_RANK,-5.123125789815218e-05,0.0006327270168613,-0.0809689748231196,0.0003396739130434,0.0010857720163234,0.3128409168194069,0.519852112435534,0.5233469202898551,0.5977188842500152,noise,,,screen_xs_part5.csv,,,xs
RET_AFTER_MAX_REL,-0.0001394628687227,0.0006088769781047,-0.2290493379415524,0.0003736413043478,0.0012027879464071,0.3106460332130336,0.5197638808247094,0.5233808876811594,0.5915269962283939,noise,-0.2290493379415524,0.0815966952714811,creative/screen_creative_ALL.csv,,,creative
HURST_RS,-0.0003,0.0006,-0.6,0.0004,0.0012,0.3,,,,noise,-0.6,-0.3,creative/screen_creative_ALL.csv,,,creative
RANGE_20,-0.0007570841444949,0.0006145315353773,-1.2319695587793942,0.0003623188405797,0.0012101004810604,0.2994121944833919,0.5191462595489372,0.5233695652173913,0.5915169117202154,noise,,,screen_ordinary_part4.csv,,,ordinary
XS_STD_RM20,-0.0011185491307763,0.0007362219974808,-1.519309575921075,0.0004189311594202,0.0014063088461566,0.2978941365299658,0.5187847945626558,0.5234261775362319,0.5921219822109276,noise,,,screen_xs_part1.csv,,,xs
XS_BREADTH_LAG2,-0.0002675410134681,0.0007602826140189,-0.3518967927648339,0.0004076086956521,0.0013707080144147,0.2973709144220712,0.519635802679964,0.5234148550724638,0.5928278977834252,noise,,,screen_xs_part2.csv,,,xs
XS_REL_AC1,-0.0004326195111399,0.0006012850239174,-0.7194915787547659,0.0003623188405797,0.0012484933395958,0.2902048646066377,0.5194707241822922,0.5233695652173913,0.5882091930376555,noise,,,screen_xs_part6.csv,,,xs
KNN200_20D,-0.0003045413663945,0.0005811142824932,-0.5240645008550683,0.0003509963768115,0.0012387314178742,0.2833514769601347,0.5195988023270376,0.5233582427536232,0.5898327988543999,noise,-0.5240645008550683,-0.2407130238949336,creative/screen_creative_ALL.csv,,,creative
XS_KNN5_MEAN_RM5,0.0001024625157963,0.0006815282677073,0.1503422831469427,0.000396286231884,0.0014046824689626,0.2821180164487409,0.5200058062092284,0.5234035326086957,0.5878562352514067,noise,,,screen_xs_part5.csv,,,xs
LONGEST_NEG_RUN_20,0.0002874642804285,0.0005983868560606,0.4803987211901155,0.0003283514492753,0.0011644770783592,0.2819733040499227,0.5201908079738606,0.523335597826087,0.5919505455718924,noise,,,screen_ordinary_part3.csv,,,ordinary
SIGN_RET1_X_SIGN_MOM_2_5,-0.0005436205699192,0.0005960340138102,-0.9120629986267328,0.0003623188405797,0.0012934189086128,0.2801248985669105,0.5193597231235129,0.5233695652173913,0.5914664891793228,noise,,,screen_ordinary_part3.csv,,,ordinary
EWMA_HL2_OVER_VOL,-0.0002903104614228,0.0006155821287326,-0.4716031344518193,0.0003283514492753,0.001236152801074,0.2656236745085902,0.5196130332320092,0.523335597826087,0.5938262640931001,noise,,,screen_ordinary_part2.csv,,,ordinary
XS_BREADTH_SLOPE,-0.0001736170406548,0.0007993261778809,-0.217204247101115,0.000396286231884,0.0015638444496233,0.2534051465153711,0.5197297266527773,0.5234035326086957,0.5971743208083742,noise,,,screen_xs_part1.csv,,,xs
XS_MEDIAN_RET1,0.000341541719321,0.0006623671197842,0.5156380942222129,0.0004076086956521,0.0016422527359323,0.248200953929766,0.5202448854127532,0.5234148550724638,0.5883604606603337,noise,,,screen_xs_part1.csv,,,xs
MOM_7,-0.0001480014117057,0.0005940825935008,-0.2491259857213334,0.0002830615942028,0.001151967906361,0.2457200349418243,0.5197553422817264,0.5232903079710145,0.594895221960025,noise,,,screen_ordinary_part1.csv,,,ordinary
XS_CS_VOL_COEF,-7.969306784157021e-05,0.0007931729489741,-0.1004737591525831,0.0003509963768115,0.0014579099443555,0.2407531261930957,0.5198236506255905,0.5233582427536232,0.5999778140820072,noise,,,screen_xs_part6.csv,,,xs
XS_BETA_MKT,-0.0005009278550041,0.0006446079117206,-0.7771047266035348,0.0003170289855072,0.0013272173014058,0.2388674297505278,0.519402415838428,0.5233242753623188,0.5942598979447772,noise,,,screen_xs_part3.csv,,,xs
EWMA_DIFF_2_10,0.0003927729772191,0.0006293436394986,0.6240993831796673,0.0002717391304347,0.0011505801787124,0.2361757446046692,0.5202961166706513,0.5232789855072464,0.5902361791815414,noise,,,screen_ordinary_part2.csv,,,ordinary
MOM_DIFF_5_20,0.0003330031763379,0.0006040051026949,0.5513251044604914,0.000294384057971,0.0012739381075802,0.2310819153767093,0.5202363468697702,0.5233016304347826,0.5893890804945443,noise,,,screen_ordinary_part1.csv,,,ordinary
PAT3_ECHO_RATE,0.0006489292667099,0.0006900174446921,0.9404534214340156,0.0002830615942028,0.0012393048681831,0.2284035199650823,0.5205522729601421,0.5232903079710145,0.5921421512272846,noise,0.2284035199650823,1.168856941399098,creative/screen_creative_ALL.csv,,,creative
XS_DISP_SLOPE,0.0001679246786661,0.0006890362888498,0.2437094843676144,0.0003509963768115,0.0015565425618386,0.2254974489081616,0.5200712683720984,0.5233582427536232,0.5915269962283939,noise,,,screen_xs_part1.csv,,,xs
EFF_RATIO_SIGNED,0.0013405512483349,0.0006228413840098,2.152315634045728,0.000294384057971,0.0013265552256947,0.2219161722549783,0.5212438949417671,0.5233016304347826,0.6005122930154696,survivor,0.2219161722549783,2.374231806300706,creative/screen_creative_ALL.csv,,,creative
AC3_20,0.0006375445427325,0.0005946193969669,1.0721892793685908,0.0002717391304347,0.0012740548220488,0.2132868427104108,0.5205408882361647,0.5232789855072464,0.5927673907343539,noise,,,screen_ordinary_part4.csv,,,ordinary
AREA_CUM,0.0007485456015118,0.0006036856886003,1.239959163596179,0.0002717391304347,0.0013181094581741,0.2061582433458885,0.5206518892949441,0.5232789855072464,0.5925959540953187,noise,0.2061582433458885,1.4461174069420677,creative/screen_creative_ALL.csv,,,creative
XS_MKT_MINRET,-0.0006318521807438,0.000697810823809,-0.9054777587066248,0.0002830615942028,0.0013904138753271,0.2035808180756888,0.5192714915126883,0.5232903079710145,0.5991811379359029,noise,,,screen_xs_part4.csv,,,xs
XS_BREADTH_MOM,-0.0007770074114553,0.000679404420937,-1.1436596341008254,0.000294384057971,0.0014706397784299,0.2001741434502003,0.5191263362819769,0.5233016304347826,0.5913555595893588,noise,,,screen_xs_part1.csv,,,xs
SAMPLE_ENTROPY,-0.0008,0.0006,-1.4,0.0002,0.0012,0.2,,,,noise,-1.4,-1.2,creative/screen_creative_ALL.csv,,,creative
VAR_RATIO_2,-0.0001,0.0006,-0.1,0.0002,0.0011,0.2,,,,noise,-0.1,0.1,creative/screen_creative_ALL.csv,,,creative
RET1_OVER_MAD20,-0.0004952354930154,0.0006139626745696,-0.8066214992020156,0.0002490942028985,0.0012867244761285,0.1935878329197732,0.5194081082004167,0.5232563405797102,0.596004517859664,noise,,,screen_ordinary_part3.csv,,,ordinary
XS_MED_RM5,-0.0009733939000648,0.0006871974992697,-1.4164689206513477,0.0002490942028985,0.0013866833828115,0.1796330770139527,0.5189299497933673,0.5232563405797102,0.5957927431879148,noise,,,screen_xs_part1.csv,,,xs
LONGEST_RUN_20,-0.0001565399546887,0.0006128816344387,-0.2554162923027607,0.000203804347826,0.0011835703851712,0.1721945313768493,0.5197468037387434,0.5232110507246377,0.5913152215566447,noise,,,screen_ordinary_part3.csv,,,ordinary
SENT_FIRST_NEG_LAG,-0.0008396233933308,0.0005905153608923,-1.4218485223856627,0.000203804347826,0.0011835703851712,0.1721945313768493,0.5190637203001013,0.5232110507246377,0.5913152215566447,noise,,,volscreen/screen_volume_c1_path.csv,,,volume
AGREE_1,-0.0006716987146646,0.0005929103834776,-1.1328840468688,0.000203804347826,0.0011835703851712,0.1721945313768493,0.5192316449787675,0.5232110507246377,0.5913152215566447,noise,,,volscreen/screen_volume_c2_trend_agree.csv,,,volume
N_BEYOND_2MAD,-0.0009819324430479,0.0005823649960753,-1.6861117163037609,0.000203804347826,0.0011835703851712,0.1721945313768493,0.5189214112503843,0.5232110507246377,0.5913152215566447,noise,-1.6861117163037609,-1.5139171849269115,creative/screen_creative_ALL.csv,,,creative
SAX_REVMOM_x_LASTSIGN,-0.0004326195111399,0.000606306689581,-0.7135324722194916,0.000203804347826,0.0011835703851712,0.1721945313768493,0.5194707241822922,0.5232110507246377,0.5913152215566447,noise,-0.7135324722194916,-0.5413379408426422,creative/screen_creative_ALL.csv,,,creative
AGREE_CHG_5_v_15,-4.553889590946865e-05,0.0005883088586409,-0.0774064426204039,0.000203804347826,0.0011835703851712,0.1721945313768493,0.5198578047975227,0.5232110507246377,0.5913152215566447,noise,,,volscreen/screen_volume_c2_trend_agree.csv,,,volume
N_SIGN_CHANGES,-7.684688684722835e-05,0.0005919947816305,-0.1298100747367525,0.000203804347826,0.0011835703851712,0.1721945313768493,0.5198264968065849,0.5232110507246377,0.5913152215566447,noise,-0.1298100747367525,0.0423844566400968,creative/screen_creative_ALL.csv,,,creative
AGREE_2,-0.0009677015380762,0.0005996739423421,-1.6137128358397803,0.000203804347826,0.0011835703851712,0.1721945313768493,0.5189356421553559,0.5232110507246377,0.5913152215566447,noise,,,volscreen/screen_volume_c2_trend_agree.csv,,,volume
SV1_x_RET1,-0.00058346710384,0.0005864192119575,-0.9949658741438636,0.000203804347826,0.0011835703851712,0.1721945313768493,0.5193198765895921,0.5232110507246377,0.5913152215566447,noise,,,volscreen/screen_volume_c2_trend_agree.csv,,,volume
AGREE_2_6,-0.0001309243257397,0.0005783477149457,-0.2263764900532446,0.000203804347826,0.0011835703851712,0.1721945313768493,0.5197724193676925,0.5232110507246377,0.5913152215566447,noise,,,volscreen/screen_volume_c2_trend_agree.csv,,,volume
LONGEST_STREAK,-6.546216286986128e-05,0.0006110797363609,-0.1071254027497189,0.000203804347826,0.0011835703851712,0.1721945313768493,0.5198378815305623,0.5232110507246377,0.5913152215566447,noise,-0.1071254027497189,0.0650691286271304,creative/screen_creative_ALL.csv,,,creative
RET1_IS_MAX,-0.0006460830857155,0.0006184903650862,-1.0446130161226603,0.000203804347826,0.0011835703851712,0.1721945313768493,0.5192572606077166,0.5232110507246377,0.5913152215566447,noise,-1.0446130161226603,-0.872418484745811,creative/screen_creative_ALL.csv,,,creative
SAME_PAT3_5AGO,-0.0008396233933308,0.0005905153608923,-1.4218485223856627,0.000203804347826,0.0011835703851712,0.1721945313768493,0.5190637203001013,0.5232110507246377,0.5913152215566447,noise,-1.4218485223856627,-1.2496539910088134,creative/screen_creative_ALL.csv,,,creative
RET1_x_SV1,-0.0001480014117057,0.0006033579991406,-0.2452961789129721,0.000203804347826,0.0011835703851712,0.1721945313768493,0.5197553422817264,0.5232110507246377,0.5913152215566447,noise,-0.2452961789129721,-0.0731016475361227,creative/screen_creative_ALL.csv,,,creative
N_SIGN_CHANGES_20,-7.684688684722835e-05,0.0005919947816305,-0.1298100747367525,0.000203804347826,0.0011835703851712,0.1721945313768493,0.5198264968065849,0.5232110507246377,0.5913152215566447,noise,,,screen_ordinary_part3.csv,,,ordinary
LZ_COMPLEXITY,-0.0008396233933308,0.0005905153608923,-1.4218485223856627,0.000203804347826,0.0011835703851712,0.1721945313768493,0.5190637203001013,0.5232110507246377,0.5913152215566447,noise,-1.4218485223856627,-1.2496539910088134,creative/screen_creative_ALL.csv,,,creative
ABSV_MAX_2_20,0.000125231963751,0.0006029722659354,0.207691084359843,0.000203804347826,0.0011835703851712,0.1721945313768493,0.5200285756571832,0.5232110507246377,0.5913152215566447,noise,,,volscreen/screen_volume_c1_path.csv,,,volume
N_RUNS_20,-7.684688684722835e-05,0.0005919947816305,-0.1298100747367525,0.000203804347826,0.0011835703851712,0.1721945313768493,0.5198264968065849,0.5232110507246377,0.5913152215566447,noise,,,screen_ordinary_part3.csv,,,ordinary
N_SIGN_CHANGES_5,-0.0007798535924496,0.0006085167740156,-1.2815646597599717,0.000203804347826,0.0011835703851712,0.1721945313768493,0.5191234901009825,0.5232110507246377,0.5913152215566447,noise,,,screen_ordinary_part3.csv,,,ordinary
N_RET_EXTREMA,-0.000574928560857,0.0006026190053997,-0.954049831992376,0.000203804347826,0.0011835703851712,0.1721945313768493,0.5193284151325751,0.5232110507246377,0.5913152215566447,noise,-0.954049831992376,-0.7818553006155267,creative/screen_creative_ALL.csv,,,creative
PERM_ENTROPY_3,-0.0008396233933308,0.0005905153608923,-1.4218485223856627,0.000203804347826,0.0012267864141898,0.1661286312505095,0.5190637203001013,0.5232110507246377,0.5904681228696477,noise,-1.4218485223856627,-1.2557198911351533,creative/screen_creative_ALL.csv,,,creative
ABSV_LOGRATIO_5_15,0.0009335473661441,0.000604348891012,1.5447159414502905,0.0001924818840579,0.0011587049213093,0.1661181207726922,0.5208368910595763,0.5231997282608696,0.5900849115588632,survivor,,,volscreen/screen_volume_c2_trend_agree.csv,,,volume
HAAR_D2_LAST,9.392397281327913e-05,0.0006003964712269,0.1564365836816802,0.000203804347826,0.0012470601147577,0.1634278455499188,0.5199972676662454,0.5232110507246377,0.5900748270506847,noise,0.1564365836816802,0.3198644292315989,creative/screen_creative_ALL.csv,,,creative
FRAC_POS_20,0.0006859296196363,0.0005889119630798,1.1647405090042529,0.0001924818840579,0.0011871023234116,0.1621443074130251,0.5205892733130686,0.5231997282608696,0.5966297573667332,noise,,,screen_ordinary_part3.csv,,,ordinary
XS_RESID_STD_MKT,-0.0004610813210833,0.0005901496906194,-0.7812955397797463,0.0001811594202898,0.0011425606937607,0.1585556209653618,0.5194422623723488,0.5231884057971015,0.5891470522982594,noise,,,screen_xs_part3.csv,,,xs
CYCLE_FORECAST,4.838507690381043e-05,0.00059549262496,0.0812521849570502,0.0001924818840579,0.0012437097697968,0.1547643097548513,0.519951728770336,0.5231997282608696,0.5896714467235433,noise,0.0812521849570502,0.2360164947119015,creative/screen_creative_ALL.csv,,,creative
SAX_LAST_TRIGRAM,0.0002903104614228,0.0006109685680212,0.4751643155114829,0.0001811594202898,0.0011754046856388,0.1541251472818375,0.5201936541548551,0.5231884057971015,0.593090094996067,noise,0.1541251472818375,0.6292894627933204,creative/screen_creative_ALL.csv,,,creative
SENT_NET,-0.0007656226874779,0.0005913352244646,-1.2947354661158923,0.0001811594202898,0.0012120330921563,0.1494673878644319,0.5191377210059542,0.5231884057971015,0.5936850809786006,noise,,,volscreen/screen_volume_c1_path.csv,,,volume
ABSV_STD_2_20,0.0005009278550041,0.0005950765267023,0.841787287057097,0.0001698369565217,0.0011447588389856,0.1483604674956879,0.5204042715484363,0.5231770833333333,0.5921118977027491,noise,,,volscreen/screen_volume_c1_path.csv,,,volume
RET1_X_SKIPMOM_2_5,-4.553889590946876e-05,0.0006054231927834,-0.0752182877238337,0.0001811594202898,0.0012236487363192,0.1480485493204458,0.5198578047975227,0.5231884057971015,0.5946632782719187,noise,,,screen_ordinary_part3.csv,,,ordinary
SV_STD_2_20,0.0004952354930154,0.0006060550298412,0.8171460818420946,0.0001698369565217,0.0011517027424627,0.147465965183485,0.5203985791864476,0.5231770833333333,0.5921118977027491,noise,,,volscreen/screen_volume_c1_path.csv,,,volume
PAT5_RATE,-0.0003159260903719,0.0006373966166189,-0.4956507175199202,0.0001698369565217,0.0013418043939914,0.1265735581745471,0.5195874176030603,0.5231770833333333,0.5941993908957061,noise,-0.4956507175199202,-0.3690771593453731,creative/screen_creative_ALL.csv,,,creative
SKEW_20,0.0004070038821908,0.0005841541334886,0.6967405670146986,0.0001471920289855,0.0012100830456492,0.1216379565970521,0.520310347575623,0.5231544384057971,0.5892781509045804,noise,0.1216379565970521,0.8183785236117507,creative/screen_creative_ALL.csv,,,creative
XS_GMEAN_RET1_G2,0.0002903104614228,0.0007674506410932,0.3782790004700425,0.0001698369565217,0.0014218407564156,0.1194486483492614,0.5201936541548551,0.5231770833333333,0.597829813839979,noise,,,screen_xs_part2.csv,,,xs
XS_GMEAN_OTHER_RET1,0.0008680852032742,0.0006808316843064,1.2750364345316751,0.0001585144927536,0.0013934784365472,0.1137545358408179,0.5207714288967064,0.5231657608695652,0.593634658437708,noise,,,screen_xs_part3.csv,,,xs
XS_MAD_RET1,0.0004411580541229,0.0007966545072142,0.5537633316927061,0.0001811594202898,0.0016205454529563,0.1117891633087892,0.5203445017475551,0.5231884057971015,0.5911740384421452,noise,,,screen_xs_part1.csv,,,xs
VR_2_20,0.0007656226874779,0.0006241638939892,1.2266372580197973,0.0001358695652173,0.0012261867895404,0.1108065805115317,0.5206689663809101,0.523143115942029,0.5930497569633529,noise,,,screen_ordinary_part4.csv,,,ordinary
RSI_20,7.115452485854495e-05,0.0006205970679614,0.1146549484873946,0.0001358695652173,0.0012856777643296,0.1056793303788958,0.5199744982182907,0.523143115942029,0.5978903208890503,noise,,,screen_ordinary_part2.csv,,,ordinary
FFT_MAG_3,0.000566390017874,0.0006452378574784,0.8778003511563791,0.0001245471014492,0.0011878888172446,0.104847439963419,0.5204697337113062,0.5231317934782609,0.5923539258990339,noise,0.104847439963419,0.9826477911197982,creative/screen_creative_ALL.csv,,,creative
CHEB_C3,8.253924883591191e-05,0.0006434162412415,0.1282828184079541,0.0001245471014492,0.0011903761779116,0.1046283551034902,0.5199858829422681,0.5231317934782609,0.5922934188499627,noise,0.1046283551034902,0.2329111735114443,creative/screen_creative_ALL.csv,,,creative
ABSV_MEAN_NOSENT_2_20,0.0004810045880437,0.0006210153153529,0.7745454518627339,0.0001245471014492,0.0012077507460954,0.1031231831997837,0.520384348281476,0.5231317934782609,0.5904277848369335,noise,,,volscreen/screen_volume_c1_path.csv,,,volume
VWR20_MINUS_MEAN20,-0.0006,0.0006,-1.0,0.0001,0.0012,0.1,,,,noise,,,volscreen/screen_volume_g_fromlog.csv,,,volume
XS_FIT1_MKT,-0.0001053086967906,0.000630816145709,-0.1669403954020264,0.0001245471014492,0.0012859313967416,0.096853612692606,0.5197980349966416,0.5231317934782609,0.5926867146689256,noise,,,screen_xs_part3.csv,,,xs
DIST_FROM_MAX,0.0007940844974213,0.0006485461671254,1.2244070471358195,0.0001245471014492,0.0012889280665669,0.0966284346503537,0.5206974281908535,0.5231317934782609,0.5973558419555878,noise,0.0966284346503537,1.3210354817861731,creative/screen_creative_ALL.csv,,,creative
EWMA_HL5,-0.0002931566424172,0.0006325535096321,-0.463449554785767,0.0001132246376811,0.0012160840898743,0.0931059279731703,0.5196101870510149,0.5231204710144928,0.5899638974607209,noise,,,screen_ordinary_part1.csv,,,ordinary
XS_RESID_RM5_MKT,0.0007542379635005,0.0006068278416585,1.242919180239118,0.000101902173913,0.0011827964792859,0.0861535992857883,0.5206575816569328,0.5231091485507247,0.5941187148302777,noise,,,screen_xs_part4.csv,,,xs
SAX_REV_MINUS_MOM,-0.0007086990675911,0.0005831078697395,-1.2153824435737008,0.000101902173913,0.0012228890207779,0.0833290447306605,0.5191946446258411,0.5231091485507247,0.5896714467235433,noise,-1.2153824435737008,-1.1320533988430403,creative/screen_creative_ALL.csv,,,creative
SV_LATEST,0.0010587793298951,0.0006374473111787,1.6609675989335655,0.000101902173913,0.001231690857067,0.0827335636441275,0.5209621230233273,0.5231091485507247,0.591678263851072,survivor,,,volscreen/screen_volume_c2_trend_agree.csv,,,volume
FFT_PHASE_2,-0.0006716987146646,0.0006122968459699,-1.0970148206473749,9.05797101449276e-05,0.0012659337422654,0.0715516990508742,0.5192316449787675,0.5230978260869565,0.5966499263830903,noise,-1.0970148206473749,-1.0254631215965009,creative/screen_creative_ALL.csv,,,creative
UP_FRAC_5,-0.000916470280178,0.0005990068078989,-1.5299830788112374,9.057971014492765e-05,0.0012865901697138,0.070402924161213,0.5189868734132541,0.5230978260869565,0.5946632782719187,noise,-1.5299830788112374,-1.4595801546500244,creative/screen_creative_ALL.csv,,,creative
FRAC_POS_5,-0.000916470280178,0.0005990068078989,-1.5299830788112374,9.057971014492765e-05,0.0012865901697138,0.070402924161213,0.5189868734132541,0.5230978260869565,0.5946632782719187,noise,,,screen_ordinary_part3.csv,,,ordinary
XS_GROUP_DISP_RET1,-0.0007371608775345,0.0008582343943986,-0.8589272142269171,0.0001132246376811,0.0017823848402363,0.0635242373729708,0.5191661828158977,0.5231204710144928,0.6131986043040681,noise,,,screen_xs_part2.csv,,,xs
XS_SHARE_SHOCK,0.0004240809681569,0.0007170536006329,0.591421572644725,9.057971014492716e-05,0.0014470108751197,0.0625978088363914,0.5203274246615891,0.5230978260869565,0.5989895322805107,noise,,,screen_xs_part2.csv,,,xs
XS_GBREADTH_G3,0.0004610813210833,0.0007193102846058,0.6410047665814065,9.057971014492765e-05,0.001606381991753,0.056387403874017,0.5203644250145155,0.5230978260869565,0.5882999536112624,noise,,,screen_xs_part2.csv,,,xs
HAAR_D1_LAST,0.0002163097555699,0.000670618914394,0.3225524227354042,6.793478260869545e-05,0.001274341831077,0.0533097014882405,0.5201196534490021,0.5230751811594203,0.5915673342611081,noise,0.0533097014882405,0.3758621242236447,creative/screen_creative_ALL.csv,,,creative
SV_EWMA_2_20,0.00058346710384,0.0006067086094967,0.961692474290184,5.661231884057969e-05,0.0011906084264785,0.0475490661594102,0.5204868107972722,0.5230638586956522,0.5963978136786269,noise,,,volscreen/screen_volume_c1_path.csv,,,volume
DAYS_SINCE_2MAD,-0.0006489292667099,0.000597466066971,-1.0861357700191998,5.6612318840579365e-05,0.0012305509623952,0.0460056678436023,0.5192544144267223,0.5230638586956522,0.5914564046711442,noise,-1.0861357700191998,-1.0401301021755975,creative/screen_creative_ALL.csv,,,creative
ACF5_x_R5,0.0002646948324737,0.0006133548907829,0.4315524934282591,4.528985507246379e-05,0.0012160979693928,0.0372419461361929,0.520168038525906,0.5230525362318841,0.5948044613864182,noise,0.0372419461361929,0.468794439564452,creative/screen_creative_ALL.csv,,,creative
BOLL_POS_10,-0.0007883921354326,0.0006039948962068,-1.3052960221748264,3.3967391304348064e-05,0.0013300930124991,0.0255376060058583,0.5191149515579995,0.523041213768116,0.587916742300478,noise,,,screen_ordinary_part2.csv,,,ordinary
XS_GMEAN_RET1_G1,-0.0001593861356831,0.000806603010532,-0.1976017118731031,3.396739130434741e-05,0.0016168818826987,0.0210079608583732,0.519743957557749,0.523041213768116,0.6171416470018757,noise,,,screen_xs_part2.csv,,,xs
XS_RET1_Z_ROBUST,0.000341541719321,0.0006188583684945,0.551889958524549,2.264492753623179e-05,0.0012458736406302,0.0181759424051841,0.5202448854127532,0.5230298913043478,0.5951473346644884,noise,,,screen_xs_part4.csv,,,xs
FFT_HIGH_SHARE,-0.0002789257374454,0.0005955040786869,-0.4683859396236535,2.2644927536231894e-05,0.0013357378629089,0.0169531224389463,0.5196244179559867,0.5230298913043478,0.590982432786753,noise,-0.4683859396236535,-0.4514328171847072,creative/screen_creative_ALL.csv,,,creative
SV_LAST_Z,-0.0001309243257397,0.0006153352146483,-0.2127691096218855,1.1322463768116005e-05,0.0012015791620381,0.0094229861217885,0.5197724193676925,0.5230185688405797,0.5915068272120368,noise,,,volscreen/screen_volume_c2_trend_agree.csv,,,volume
FFT_DOMFREQ,-9.10777918189374e-05,0.0005956996777602,-0.1528921287340156,1.1322463768116166e-05,0.001236913304761,0.0091538054644046,0.5198122659016132,0.5230185688405797,0.5926967991771042,noise,-0.1528921287340156,-0.1437383232696109,creative/screen_creative_ALL.csv,,,creative
MOM_2,-0.0007343146965401,0.000610635974073,-1.2025408389259928,1.626303258728257e-19,0.0012475247243517,1.303624070114745e-16,0.519169028996892,0.5230072463768116,0.5923135878663197,noise,,,screen_ordinary_part1.csv,,,ordinary
VAR_RATIO_5,0.0001,0.0006,0.1,-0.0,0.0012,-0.0,,,,noise,-0.0,0.1,creative/screen_creative_ALL.csv,,,creative
RET1_Z_MAD,-1.9923266960392657e-05,0.0006293302515347,-0.0316578885439018,0.0,0.0011523559474332,0.0,0.5198834204264717,0.5230072463768116,0.5975575321191585,noise,-0.0316578885439018,-0.0316578885439018,creative/screen_creative_ALL.csv,,,creative
ABSV_MAX_LAG_2_20,-0.000566390017874,0.0006145016782822,-0.9217062180484988,-1.8973538018496328e-19,0.0011934715226233,-1.5897771885491366e-16,0.5193369536755581,0.5230072463768116,0.5918194469655715,noise,,,volscreen/screen_volume_c1_path.csv,,,volume
XS_MKT_SLOPE,0.0005094663979871,0.0008171493283382,0.6234679272431354,-1.1322463768115947e-05,0.00150243684338,-0.0075360663697807,0.5204128100914194,0.5229959239130435,0.5884310522175833,noise,,,screen_xs_part4.csv,,,xs
MOM_15,-0.000250463927502,0.000598013688302,-0.418826412173283,-1.132246376811584e-05,0.0012731863047732,-0.0088930141061581,0.5196528797659301,0.5229959239130435,0.593201024586031,noise,,,screen_ordinary_part1.csv,,,ordinary
DOWN_VOL_20,0.000233386841536,0.0006117701094147,0.3814943521174932,-5.661231884057996e-05,0.0013367452264025,-0.0423508666591134,0.5201367305349682,0.522950634057971,0.5898832213952926,noise,,,screen_ordinary_part4.csv,,,ordinary
RET1_OVER_VOL5,-0.0003984653392078,0.0006208197217273,-0.6418374372823918,-5.661231884057953e-05,0.0012516886577451,-0.0452287543633758,0.5195048783542243,0.522950634057971,0.5998870535084004,noise,,,screen_ordinary_part3.csv,,,ordinary
ACCEL_10,-0.0004724660450607,0.0006030386435985,-0.7834755700586415,-5.661231884057953e-05,0.0012008257312308,-0.0471444918011128,0.5194308776483715,0.522950634057971,0.5897218692644359,noise,,,screen_ordinary_part1.csv,,,ordinary
MOM_DIFF_10_20,-0.0004724660450607,0.0006029041908776,-0.7836502917203938,-5.661231884057953e-05,0.0012008257312308,-0.0471444918011128,0.5194308776483715,0.522950634057971,0.5897218692644359,noise,,,screen_ordinary_part1.csv,,,ordinary
ABSV_LATEST_LOGRATIO_MED,8.823161082459547e-05,0.0005984902100016,0.1474236492930304,-6.793478260869559e-05,0.0012389333558513,-0.0548332824262491,0.5199915753042568,0.5229393115942029,0.5928480667997822,noise,,,volscreen/screen_volume_c2_trend_agree.csv,,,volume
XS_BREADTH_LAG3,-0.0009107779181893,0.0007387277961748,-1.2329005662240686,-9.057971014492694e-05,0.0015473364906001,-0.0585391158905554,0.5189925657752428,0.5229166666666667,0.5916681793428934,noise,,,screen_xs_part2.csv,,,xs
XS_BETA_GROUP,-0.0009420859091271,0.0006291625894659,-1.4973647907558292,-7.925724637681159e-05,0.0012579364285852,-0.0630057645011127,0.518961257784305,0.5229279891304348,0.5936649119622436,noise,,,screen_xs_part3.csv,,,xs
AC2_20,2.8461809943418023e-05,0.0005987994947562,0.0475314528363187,-0.000101902173913,0.0013676459099234,-0.0745091790014182,0.5199318055033756,0.5229053442028986,0.5945926867146689,noise,,,screen_ordinary_part4.csv,,,ordinary
XS_RM5_RANK_G,-0.0004126962441795,0.0006031067351585,-0.6842839254166998,-9.057971014492754e-05,0.0011544632137446,-0.0784604559647461,0.5194906474492526,0.5229166666666667,0.591113531393074,noise,,,screen_xs_part7.csv,,,xs
SENT_RECENT_SIGN,-0.0009591629950931,0.0005890386790561,-1.628353161171139,-9.057971014492748e-05,0.001146302622778,-0.0790190202351723,0.518944180698339,0.5229166666666667,0.6012988846533954,noise,,,volscreen/screen_volume_c1_path.csv,,,volume
SV2SIGN_x_RET1,0.0010587793298951,0.0006287653194231,1.683902240133881,-0.0001132246376811,0.0012543963323128,-0.0902622518613334,0.5209621230233273,0.5228940217391305,0.5912042919666808,noise,,,volscreen/screen_volume_c2_trend_agree.csv,,,volume
XS_CORR_GPATH_G2,-0.0004383118731286,0.0006311466418242,-0.6944691519894189,-0.0001132246376811,0.0012082332989211,-0.0937109064799499,0.5194650318203036,0.5228940217391305,0.59837437728162,noise,,,screen_xs_part3.csv,,,xs
SKIP_MOM_2_5,0.0007200837915684,0.0006327332471769,1.1380527177625628,-0.0001245471014492,0.0013223185705881,-0.0941884234401067,0.5206234274850007,0.5228826992753624,0.5866057562372683,noise,,,screen_ordinary_part1.csv,,,ordinary
AC1_10,-7.969306784157018e-05,0.000612926345689,-0.1300206271146332,-0.0001132246376811,0.0011922687979027,-0.0949656972323053,0.5198236506255905,0.5228940217391305,0.5908815877049677,noise,,,screen_ordinary_part4.csv,,,ordinary
XS_GMEAN_RM5_G1,-0.0002903104614228,0.0009263566789694,-0.3133895053747951,-0.0001924818840579,0.0020034021965223,-0.0960775047527126,0.5196130332320092,0.5228147644927537,0.6143684072527783,noise,,,screen_xs_part2.csv,,,xs
SENT_POS_COUNT,-0.0007115452485854,0.0005908328623948,-1.2043088559787511,-0.0001132246376811,0.0011466328252089,-0.0987453308433961,0.5191917984448468,0.5228940217391305,0.5963776446622698,noise,,,volscreen/screen_volume_c1_path.csv,,,volume
SVR_SUM_1_5,0.0003,0.0006,0.5,-0.0001,0.0011,-0.1,,,,noise,,,volscreen/screen_volume_g_fromlog.csv,,,volume
FFT_PHASE_3,0.0003045413663945,0.000657399516865,0.4632515823054157,-0.0001245471014492,0.0012106222647822,-0.1028785815959503,0.5202078850598267,0.5228826992753624,0.595591053024344,noise,-0.1028785815959503,0.3603730007094654,creative/screen_creative_ALL.csv,,,creative
XS_GMEAN_RM5_G3,-0.0002760795564511,0.0007652278927663,-0.3607808328223802,-0.0001585144927536,0.0015292618942739,-0.103654248724275,0.519627264136981,0.522848731884058,0.5861418688610557,noise,,,screen_xs_part2.csv,,,xs
ABSV_LOGRATIO_3_17,-6.546216286986128e-05,0.0006138066271014,-0.1066494885840344,-0.0001358695652173,0.0012189287240973,-0.1114663741458777,0.5198378815305623,0.5228713768115942,0.592525362538069,noise,,,volscreen/screen_volume_c2_trend_agree.csv,,,volume
SIGN_RET1_X_VOL20,-0.0001081548777849,0.0006255178581206,-0.1729045404234216,-0.0001358695652173,0.0011795739865209,-0.1151852844925179,0.5197951888156471,0.5228713768115942,0.5897823763135072,noise,,,screen_ordinary_part3.csv,,,ordinary
FFT_MAG_2,-8.253924883591213e-05,0.0006155591612715,-0.134088246961369,-0.0001471920289855,0.0012147500906495,-0.1211706260559325,0.5198208044445962,0.5228600543478261,0.5962062080232347,noise,-0.134088246961369,-0.2552588730173015,creative/screen_creative_ALL.csv,,,creative
SIGN_PAT_3,0.0003529264432983,0.0005896723796875,0.5985127597215283,-0.0001471920289855,0.0012089134692054,-0.1217556365570572,0.5202562701367306,0.5228600543478261,0.5889756156592243,noise,-0.1217556365570572,0.476757123164471,creative/screen_creative_ALL.csv,,,creative
XS_KNN5_MEAN_RET1,-0.000341541719321,0.0006181374423473,-0.5525336210407149,-0.0001585144927536,0.0012182869679135,-0.1301126064125072,0.5195618019741112,0.522848731884058,0.592787559750711,noise,,,screen_xs_part5.csv,,,xs
XS_GBREADTH_G1,-0.0006887758006307,0.0008174378109968,-0.8426033043305864,-0.0002490942028985,0.0017413937321071,-0.1430430110697269,0.5192145678928014,0.5227581521739131,0.6086504911155483,noise,,,screen_xs_part2.csv,,,xs
XS_DIST_CENTROID,0.0007286223345514,0.0006242181934172,1.167255844567253,-0.0002377717391304,0.0015447504991022,-0.1539224225974459,0.5206319660279837,0.5227694746376812,0.5945725176983119,noise,,,screen_xs_part5.csv,,,xs
XS_RM5_x_MKT5,0.0004098500631852,0.0005957848346544,0.6879162397997776,-0.0001924818840579,0.0012425718450643,-0.1549060400994334,0.5203131937566173,0.5228147644927537,0.5941086303220992,noise,,,screen_xs_part6.csv,,,xs
EWMA_DIFF_5_20,-0.0003785420722474,0.0005981708427451,-0.6328327046337652,-0.000203804347826,0.0012920355196207,-0.157738966716575,0.5195248016211848,0.5228034420289855,0.5952380952380952,noise,,,screen_ordinary_part2.csv,,,ordinary
XS_CORR_GPATH_G3,-0.0002191559365643,0.0006378354096048,-0.3435932424951101,-0.0002264492753623,0.0012741835110146,-0.1777210844472487,0.5196841877568679,0.5227807971014493,0.595157419172667,noise,,,screen_xs_part3.csv,,,xs
HAAR_E2_SHARE,0.0005976980088117,0.0006363148044159,0.9393118070863804,-0.0002377717391304,0.0012920670898313,-0.1840242979654159,0.520501041702244,0.5227694746376812,0.5892882354127589,noise,-0.1840242979654159,0.7552875091209645,creative/screen_creative_ALL.csv,,,creative
MOM_ECHO_PRED,-0.0006233136377608,0.0006152231279549,-1.0131505293580294,-0.0002377717391304,0.0012002205031148,-0.1981067133192331,0.5192800300556714,0.5227694746376812,0.590700066557754,noise,-1.0131505293580294,-1.2112572426772623,creative/screen_creative_ALL.csv,,,creative
VWR_1_10,-0.0004,0.0006,-0.6,-0.0002,0.0013,-0.2,,,,noise,,,volscreen/screen_volume_g_fromlog.csv,,,volume
ABSV_CV_2_20,-6.261598187551944e-05,0.0006247705813224,-0.1002223596107595,-0.0002490942028985,0.0012313640450231,-0.20229127519625,0.5198407277115566,0.5227581521739131,0.5901050805752204,noise,,,volscreen/screen_volume_c2_trend_agree.csv,,,volume
XS_DIST_GCENTROID,0.0001024625157963,0.0006841758201433,0.1497605042148911,-0.0003509963768115,0.0016742830487008,-0.2096398079667283,0.5200058062092284,0.52265625,0.5972449123656239,noise,,,screen_xs_part3.csv,,,xs
XS_VOL_RANK_G,0.0001480014117057,0.0006495330985262,0.2278581523275274,-0.0002604166666666,0.0012285859854974,-0.2119645427676104,0.520051345105138,0.522746829710145,0.5957826586797362,noise,,,screen_xs_part7.csv,,,xs
STREAK_SIGNED,0.0005464667509136,0.0005933395285561,0.9210017614086792,-0.0002717391304347,0.001245471659831,-0.2181817051314025,0.5204498104443458,0.5227355072463769,0.5906294750005042,noise,-0.2181817051314025,0.7028200562772766,creative/screen_creative_ALL.csv,,,creative
KNN200_5D,-0.0007343146965401,0.0005832011224153,-1.2591105680643455,-0.0002717391304347,0.0011989650543465,-0.2266447461914474,0.519169028996892,0.5227355072463769,0.5909320102458603,noise,-1.2591105680643455,-1.4857553142557929,creative/screen_creative_ALL.csv,,,creative
AGREE_2_11,-0.0006546216286986,0.0005900333268236,-1.109465514808531,-0.0002717391304347,0.0011676658624901,-0.2327199408358707,0.5192487220647336,0.5227355072463769,0.592807728767068,noise,,,volscreen/screen_volume_c2_trend_agree.csv,,,volume
PERM_ENTROPY_4,-0.0005265434839532,0.0006077508358195,-0.8663805180015091,-0.0002830615942028,0.0011983667673083,-0.2362061448338349,0.519376800209479,0.5227241847826087,0.5918295314737501,noise,-0.8663805180015091,-1.102586662835344,creative/screen_creative_ALL.csv,,,creative
SENT_FIRST_LAG,-0.0006489292667099,0.0006012264606539,-1.0793424926841746,-0.0003170289855072,0.0012134301908591,-0.2612667691107688,0.5192544144267223,0.5226902173913044,0.5923135878663197,noise,,,volscreen/screen_volume_c1_path.csv,,,volume
UP_VOL_20,7.684688684722827e-05,0.0006492119429033,0.11836949040642,-0.0003283514492753,0.0012448608588296,-0.2637655822708163,0.5199801905802794,0.5226788949275363,0.5915774187692866,noise,,,screen_ordinary_part4.csv,,,ordinary
RECENCY_WTD_MOM,0.0005521591129023,0.0006107469839759,0.9040717799501738,-0.0003509963768115,0.0012886973211356,-0.2723652568023417,0.5204555028063345,0.52265625,0.5887335874629395,noise,-0.2723652568023417,0.6317065231478322,creative/screen_creative_ALL.csv,,,creative
XS_MKT_SHARE_POS20,0.0005094663979871,0.0006655000405301,0.7655392441168378,-0.0004076086956521,0.0014038023024322,-0.290360469523348,0.5204128100914194,0.5225996376811595,0.5939371936830641,noise,,,screen_xs_part4.csv,,,xs
KNN50_20D,-0.0009136240991837,0.0006028349566282,-1.515545986738642,-0.0003396739130434,0.0011569883954287,-0.2935845462111142,0.5189897195942484,0.5226675724637682,0.5899437284443637,noise,-1.515545986738642,-1.809130532949756,creative/screen_creative_ALL.csv,,,creative
WEEKLY_ECHO_PRED,-0.0005720823798627,0.0005897915789664,-0.969973801364164,-0.0003396739130434,0.0011437974177133,-0.2969703443836656,0.5193312613135694,0.5226675724637682,0.5899538129525423,noise,-0.969973801364164,-1.2669441457478297,creative/screen_creative_ALL.csv,,,creative
XS_IQR_RM20,-0.000341541719321,0.0007368329799317,-0.4635266452821478,-0.0004076086956521,0.0013305269667772,-0.3063513223181585,0.5195618019741112,0.5225996376811595,0.6040217018616002,noise,,,screen_xs_part1.csv,,,xs
STD_10,0.0002220021175586,0.0006057004655404,0.3665212926005624,-0.0003849637681159,0.0012355292615909,-0.3115780257767804,0.5201253458109908,0.5226222826086957,0.5928682358161392,noise,,,screen_ordinary_part4.csv,,,ordinary
XS_SIGN_AGREE_MKT,-4.838507690381032e-05,0.0005928456003492,-0.0816149717149094,-0.0004076086956521,0.0012672612719564,-0.3216453502306499,0.5198549586165283,0.5225996376811595,0.596004517859664,noise,,,screen_xs_part6.csv,,,xs
SAX_LAST_BIGRAM,0.000466773683072,0.0005911892983749,0.7895502918526225,-0.000396286231884,0.0012028721416336,-0.329450004009448,0.5203701173765042,0.5226109601449276,0.5900949960670419,noise,-0.329450004009448,0.4601002878431744,creative/screen_creative_ALL.csv,,,creative
ABSRANK_RET1_20,-0.0005720823798627,0.0005915072994568,-0.9671603045102252,-0.0004302536231884,0.0012612362374582,-0.3411364266344547,0.5193312613135694,0.5225769927536232,0.5895100945926867,noise,,,screen_ordinary_part2.csv,,,ordinary
XS_MKT_CUM_POS,0.000475312226055,0.0006490912048961,0.7322734039065262,-0.0004528985507246,0.001327093755164,-0.341270953135211,0.5203786559194873,0.522554347826087,0.593785926060386,noise,,,screen_xs_part4.csv,,,xs
BOLL_BW_20,0.0001906941266209,0.0006135086448854,0.3108254923718254,-0.0004302536231884,0.0012604202655076,-0.3413572718264023,0.520094037820053,0.5225769927536232,0.5947943768782397,noise,,,screen_ordinary_part2.csv,,,ordinary
SIGN_RET1_X_VOLRATIO,-0.0003159260903719,0.0006137322410954,-0.5147620887702707,-0.0004189311594202,0.0012188850386743,-0.3437003048916995,0.5195874176030603,0.5225883152173914,0.5933926302414231,noise,,,screen_ordinary_part3.csv,,,ordinary
CUM_VS_MEANPATH_20,0.0007798535924496,0.0006281960066565,1.2414176215481625,-0.0004415760869565,0.0012588255238207,-0.3507841862121246,0.5206831972858819,0.5225656702898551,0.5926463766362114,noise,,,screen_ordinary_part1.csv,,,ordinary
ABSV_LAST_Z,-0.0005863132848344,0.000582762752082,-1.0060925869741182,-0.0004189311594202,0.001148147838094,-0.3648756244803143,0.5193170304085978,0.5225883152173914,0.5891167987737238,noise,,,volscreen/screen_volume_c2_trend_agree.csv,,,volume
FLOW_SIGNAL_SV2,-2.561562894907616e-05,0.0006142182589943,-0.041704440683702,-0.0004528985507246,0.0012322260019503,-0.3675450363876315,0.5198777280644831,0.522554347826087,0.598092011052621,noise,-0.3675450363876315,-0.4092494770713334,creative/screen_creative_ALL.csv,,,creative
CUM_COMPOUND_20,0.0004326195111399,0.0006139734621855,0.7046224923142376,-0.0005095108695652,0.0013838140449575,-0.3681931625291915,0.5203359632045721,0.5224977355072464,0.5918698695064641,noise,,,screen_ordinary_part1.csv,,,ordinary
SENT_LAST_LAG,-0.0005350820269362,0.0005973783459621,-0.8957171456800574,-0.0004528985507246,0.0012294049441051,-0.3683884247385141,0.5193682616664959,0.522554347826087,0.593634658437708,noise,,,volscreen/screen_volume_c1_path.csv,,,volume
RET1_OVER_VOL20,0.0006716987146646,0.0006378348105304,1.053091966093942,-0.0004755434782608,0.0012746748066998,-0.3730704300119257,0.5205750424080968,0.5225317028985508,0.5967205179403401,noise,,,screen_ordinary_part2.csv,,,ordinary
ECHO_5,-1.4230904971708955e-05,0.0005920122626594,-0.0240381929046192,-0.0004528985507246,0.0011773614811113,-0.3846724714461956,0.5198891127884605,0.522554347826087,0.5913757286057159,noise,-0.3846724714461956,-0.4087106643508148,creative/screen_creative_ALL.csv,,,creative
KATZ_FD,-0.0002,0.0006,-0.4,-0.0005,0.0012,-0.4,,,,noise,-0.4,-0.8,creative/screen_creative_ALL.csv,,,creative
XS_SHARE_NEG_SHOCK,0.0004923893120211,0.0007056220098598,0.6978088907954247,-0.0005661231884057,0.0014030801280942,-0.4034859998870818,0.5203957330054533,0.5224411231884059,0.5937556725358504,noise,,,screen_xs_part2.csv,,,xs
XS_MEAN_CORR_ALL,3.130799093775964e-05,0.0006525530111619,0.0479776974471593,-0.0006114130434782,0.0014851280006127,-0.4116904692565336,0.5199346516843699,0.5223958333333334,0.594743954337347,noise,,,screen_xs_part5.csv,,,xs
LAG_OF_MAX_ABS,0.0002134635745756,0.0006182285427904,0.3452826257618638,-0.0005095108695652,0.0012125354840929,-0.4202028528232009,0.5201168072680078,0.5224977355072464,0.5911841229503237,noise,-0.4202028528232009,-0.0749202270613371,creative/screen_creative_ALL.csv,,,creative
XS_RESID_SLOPE_MKT,0.0009620091760875,0.0006353770242231,1.514076114514343,-0.000588768115942,0.0013928397789331,-0.4227105836918293,0.5208653528695197,0.5224184782608696,0.5961658699905206,noise,,,screen_xs_part4.csv,,,xs
MAD_OVER_STD,-0.0003102337283832,0.0005929474283828,-0.5232061284578645,-0.0005208333333333,0.0012278551817232,-0.4241814027305345,0.5195931099650489,0.5224864130434783,0.5910429398358242,noise,-0.5232061284578645,-0.947387531188399,creative/screen_creative_ALL.csv,,,creative
XS_RET1_x_MKT1,-0.0002476177465077,0.0006237149520142,-0.3970046664875685,-0.0005095108695652,0.0012003838912127,-0.4244566036707133,0.5196557259469244,0.5224977355072464,0.5955305459752728,noise,,,screen_xs_part6.csv,,,xs
XS_CS_ARPOOL_FORECAST,0.0008766237462572,0.0006379316036666,1.3741657275148682,-0.0005095108695652,0.0011963059314612,-0.4259034885356316,0.5207799674396895,0.5224977355072464,0.5925657005707832,noise,,,screen_xs_part6.csv,,,xs
Z_RET1_VS_5,-0.0006147750947778,0.0006010658775914,-1.022808177435215,-0.0005548007246376,0.0012787547354357,-0.4338601525871299,0.5192885685986544,0.522452445652174,0.597113813759303,noise,,,screen_ordinary_part2.csv,,,ordinary
XS_KNN5_SHARE_POS,0.0001850017646322,0.0005998124318238,0.308432694650349,-0.0004981884057971,0.0011362826154368,-0.4384370569689227,0.5200883454580644,0.5225090579710145,0.5912748835239305,noise,,,screen_xs_part5.csv,,,xs
XS_SV2_x_MKT1,0.0002191559365643,0.0006145574220976,0.3566077451579508,-0.0005321557971014,0.0011984231051899,-0.4440466766677495,0.5201224996299965,0.5224750905797102,0.5934430527823158,noise,,,screen_xs_part7.csv,,,xs
ACF_MAX_ABS,0.0003614649862814,0.0005753118650956,0.6282939883767173,-0.0005434782608695,0.0012192056367773,-0.4457642291632679,0.5202648086797136,0.5224637681159421,0.5928984893406749,noise,-0.4457642291632679,0.1825297592134494,creative/screen_creative_ALL.csv,,,creative
ACF_ABS_1,0.0004724660450607,0.0006057348147565,0.7799882614483945,-0.0005774456521739,0.0012195258210652,-0.4735001442359943,0.5203758097384928,0.5224298007246377,0.5923236723744983,noise,-0.4735001442359943,0.3064881172124002,creative/screen_creative_ALL.csv,,,creative
SIGN_PAT_4,0.0005777747418513,0.0006079943252837,0.9502962738702192,-0.0006567028985507,0.0012694684149498,-0.5173054254970816,0.5204811184352836,0.5223505434782609,0.592807728767068,noise,-0.5173054254970816,0.4329908483731376,creative/screen_creative_ALL.csv,,,creative
XS_SV2_SHARE_POS,6.26159818755195e-05,0.000770696300706,0.0812459873210165,-0.0008038949275362,0.0014904162510148,-0.5393761152220612,0.5199659596753077,0.5222033514492754,0.5860208547629132,noise,,,screen_xs_part7.csv,,,xs
PREV_RUN_SIGNED,-0.0003899267962248,0.0006065099351415,-0.6429025703162465,-0.0006567028985507,0.0011817490235291,-0.5557042023945046,0.5195134168972073,0.5223505434782609,0.593765757044029,noise,,,screen_ordinary_part3.csv,,,ordinary
FFT_MAG_5,-0.0001963864886095,0.0005989845338965,-0.3278657085384716,-0.0006567028985507,0.001171145739344,-0.5607354204426827,0.5197069572048226,0.5223505434782609,0.5920614751618564,noise,-0.5607354204426827,-0.8886011289811542,creative/screen_creative_ALL.csv,,,creative
HAAR_A2_LAST,-0.0003130799093775,0.000589043555114,-0.531505534114543,-0.0007246376811594,0.0012535509024426,-0.5780680144279742,0.5195902637840546,0.5222826086956522,0.5933926302414231,noise,-0.5780680144279742,-1.109573548542517,creative/screen_creative_ALL.csv,,,creative
SKIP_MOM_2_20,0.0001280781447453,0.000613257095165,0.2088490223026453,-0.00078125,0.001327826234506,-0.5883676490927436,0.5200314218381775,0.5222259963768117,0.5996853633448297,noise,,,screen_ordinary_part1.csv,,,ordinary
XS_KNN10_MEAN_RET1,0.0002163097555699,0.0006396194832684,0.3381850635078209,-0.0007925724637681,0.0013271755149935,-0.5971873763599072,0.5201196534490021,0.5222146739130435,0.592807728767068,noise,,,screen_xs_part5.csv,,,xs
VOL_RATIO_5_10,0.0003700035292644,0.0006121940648734,0.6043892786528511,-0.0007586050724637,0.0012651803594852,-0.5996023150188735,0.5202733472226966,0.5222486413043479,0.5938161795849216,noise,,,screen_ordinary_part4.csv,,,ordinary
GMM3_STATE,0.0003102337283832,0.000623471922739,0.4975905362672114,-0.00078125,0.0013028954209557,-0.5996260232666396,0.5202135774218154,0.5222259963768117,0.5916379258183578,noise,-0.5996260232666396,-0.1020354869994282,creative/screen_creative_ALL.csv,,,creative
SVR_SUM_1_20,0.0001,0.0006,0.2,-0.0007,0.0011,-0.6,,,,noise,,,volscreen/screen_volume_g_fromlog.csv,,,volume
SV_MEAN_2_20,-0.0004383118731286,0.0006098498908388,-0.7187209175781696,-0.0007019927536231,0.001150232941524,-0.610304859373119,0.5194650318203036,0.5223052536231885,0.5916681793428934,noise,,,volscreen/screen_volume_c1_path.csv,,,volume
FFT_MAG_1,0.0003358493573323,0.0005955762716655,0.5639065444852386,-0.0007246376811594,0.0011441353681423,-0.6333496029721942,0.5202391930507645,0.5222826086956522,0.5920715596700349,noise,-0.6333496029721942,-0.0694430584869556,creative/screen_creative_ALL.csv,,,creative
XS_KNN5_RET1_DIFF,0.0010843949588442,0.0006108965260566,1.7750877809765735,-0.0007586050724637,0.0011966445011086,-0.6339435578076571,0.5209877386522764,0.5222486413043479,0.5935438978641012,noise,,,screen_xs_part5.csv,,,xs
HAAR_D1xD2_LAST,-2.8461809943417264e-06,0.0006403892519055,-0.0044444546592132,-0.0008038949275362,0.0012487223420005,-0.6437739603892376,0.5199004975124378,0.5222033514492754,0.5955406304834513,noise,-0.6437739603892376,-0.6482184150484508,creative/screen_creative_ALL.csv,,,creative
XS_SHARE_ABOVE_MKT5,-0.0005521591129023,0.0006036035666217,-0.9147711236907732,-0.0007699275362318,0.001180336897047,-0.6522947288677542,0.5193511845805299,0.5222373188405798,0.5942397289284201,noise,,,screen_xs_part6.csv,,,xs
HAAR_E1_SHARE,0.0001024625157963,0.0005875724089325,0.1743827896589675,-0.0007699275362318,0.0011643212497962,-0.661267271697244,0.5200058062092284,0.5222373188405798,0.5913656440975373,noise,-0.661267271697244,-0.4868844820382765,creative/screen_creative_ALL.csv,,,creative
MOM_4,0.0010217789769687,0.0006157791895062,1.659326905457711,-0.0008152173913043,0.0012303878241174,-0.6625694560079926,0.5209251226704009,0.5221920289855073,0.5964381517113411,noise,,,screen_ordinary_part1.csv,,,ordinary
XS_STD_RET1,-0.0004212347871625,0.0007289687074913,-0.5778503011634515,-0.0010076992753623,0.0014972601681015,-0.6730288408326551,0.5194821089062696,0.5219995471014492,0.5990500393295819,noise,,,screen_xs_part6.csv,,,xs
VOL_RATIO_10_20,-0.0006574678096929,0.0006195679507873,-1.0611714322173298,-0.000883152173913,0.0012975973916397,-0.6806056944958904,0.5192458758837392,0.5221240942028986,0.5903168552469696,noise,,,screen_ordinary_part4.csv,,,ordinary
XS_MKT_VOL20,0.0001935403076152,0.0007963809191787,0.243024792475978,-0.0011548913043478,0.0016839137260785,-0.6858375737795864,0.5200968840010474,0.5218523550724637,0.58204755854057,noise,,,screen_xs_part4.csv,,,xs
XS_STD_VOL,0.0001451552307114,0.0007111466626581,0.204114338621607,-0.0011888586956521,0.0017246253327293,-0.6893431710009327,0.5200484989241436,0.5218183876811594,0.6073193360359815,noise,,,screen_xs_part1.csv,,,xs
TREV_1,-0.0006346983617382,0.0006220025792053,-1.0204111412995924,-0.000883152173913,0.0012510754312091,-0.705914409221086,0.5192686453316939,0.5221240942028986,0.5907303200822895,noise,-1.0204111412995924,-1.7263255505206785,creative/screen_creative_ALL.csv,,,creative
SPEC_ENTROPY,-0.0005407743889249,0.0005842561683043,-0.9255775433136074,-0.0009057971014492,0.0012794837928472,-0.7079394881850125,0.5193625693045072,0.5221014492753624,0.5926362921280329,noise,-0.9255775433136074,-1.63351703149862,creative/screen_creative_ALL.csv,,,creative
SIGN_PAT_5,0.000907931737195,0.0006175362940627,1.4702483820372243,-0.0008265398550724,0.0011602715399374,-0.7123676024295337,0.5208112754306272,0.5221807065217392,0.5890159536919385,noise,-0.7123676024295337,0.7578807796076906,creative/screen_creative_ALL.csv,,,creative
MEDIAN_RET_Z,0.0012921661714311,0.0006040577139838,2.13914356446026,-0.0008944746376811,0.0012547965749958,-0.7128443410711034,0.5211955098648633,0.5221127717391305,0.5970230531856962,noise,-0.7128443410711034,1.4262992233891567,creative/screen_creative_ALL.csv,,,creative
FRAC_POS_10,-0.0007200837915684,0.0006014391634642,-1.1972678789669298,-0.0009510869565217,0.001319559924953,-0.7207607161573972,0.5191832599018636,0.5220561594202899,0.5941590528629919,noise,,,screen_ordinary_part3.csv,,,ordinary
SGN_R1R2R3,-0.0008595466602912,0.0005973520132878,-1.4389282050967,-0.000883152173913,0.0011741889312063,-0.7521380507357501,0.519043797033141,0.5221240942028986,0.5930800104878885,noise,-1.4389282050967,-2.19106625583245,creative/screen_creative_ALL.csv,,,creative
XS_RESID1_MKT,9.677015380762084e-05,0.0006482538383188,0.1492781809955408,-0.0009624094202898,0.0012661684774204,-0.7600958620061303,0.5200001138472398,0.5220448369565218,0.5923942639317481,noise,,,screen_xs_part3.csv,,,xs
RANK_RET1_20,-4.5538895909468815e-05,0.0006089880472094,-0.074777979827586,-0.0008944746376811,0.0011711462540644,-0.7637599783774969,0.5198578047975227,0.5221127717391305,0.5918396159819286,noise,,,screen_ordinary_part2.csv,,,ordinary
RET1_RANK,0.0003016951854002,0.0006194376821721,0.487046871837496,-0.0008944746376811,0.0011711462540644,-0.7637599783774969,0.5202050388788324,0.5221127717391305,0.5918396159819286,noise,-0.7637599783774969,-0.2767131065400008,creative/screen_creative_ALL.csv,,,creative
XS_GMEAN_RET1_G3,0.0003273108143493,0.0007301900192792,0.4482542977955266,-0.0011209239130434,0.0014452577671252,-0.7755875377671076,0.5202306545077815,0.5218863224637681,0.5980113349871927,noise,,,screen_xs_part2.csv,,,xs
ACCEL_5,0.0002988490044058,0.0006267962449221,0.4767881218608806,-0.0009963768115942,0.0012718120328409,-0.7834308733253175,0.5202021926978381,0.5220108695652174,0.5941590528629919,noise,,,screen_ordinary_part1.csv,,,ordinary
XS_KNN5ALL_MEAN_RET1,-0.0003273108143493,0.0006234130430514,-0.5250304240462845,-0.0010303442028985,0.0012895514962754,-0.7989942285162258,0.5195760328790828,0.521976902173913,0.5865956717290898,noise,,,screen_xs_part5.csv,,,xs
XS_CSREG_FIT,0.0004838507690381,0.0006066772756792,0.7975422657728466,-0.0009397644927536,0.0011606663266517,-0.8096767099848874,0.5203871944624703,0.522067481884058,0.5913454750811803,noise,,,screen_xs_part5.csv,,,xs
ABSV_DIFF_5_MID,-0.0001366166877284,0.0006053454621136,-0.2256838388635116,-0.0009737318840579,0.0011889852828128,-0.8189604178736147,0.5197667270057038,0.5220335144927537,0.5938968556503499,noise,,,volscreen/screen_volume_c2_trend_agree.csv,,,volume
RSI_5,-0.0003472340813096,0.0006122840005765,-0.5671127793355948,-0.0010190217391304,0.0012410490492839,-0.8210970708356604,0.5195561096121225,0.5219882246376811,0.5912547145075735,noise,,,screen_ordinary_part2.csv,,,ordinary
XS_RET1_x_DENSE,0.0002533101084964,0.0006771592987356,0.3740775752018345,-0.0013813405797101,0.0015453275460875,-0.8938820661078449,0.5201566538019285,0.5216259057971014,0.6126338718460701,noise,,,screen_xs_part6.csv,,,xs
XS_CORR_MKT,0.0011441647597254,0.0006549844415281,1.7468579208627772,-0.0012681159420289,0.0014022830713849,-0.9043223639407892,0.5210475084531576,0.5217391304347826,0.5901252495915774,noise,,,screen_xs_part3.csv,,,xs
XS_GMEAN_RET1_G4,-0.0011640880266857,0.0007176527627085,-1.622076980923712,-0.0014605978260869,0.0016125024746939,-0.9057957113301108,0.5187392556667464,0.5215466485507246,0.6013493071942881,noise,,,screen_xs_part2.csv,,,xs
XS_AVG_PAIR_CORR,0.0004525427781003,0.0006979377698218,0.6483998970508132,-0.0015625,0.0016911913104439,-0.9239049363314542,0.5203558864715325,0.5214447463768116,0.591133700409431,noise,,,screen_xs_part5.csv,,,xs
XS_MKT_DD_MAX,0.0003273108143493,0.0006707950792304,0.4879445668039309,-0.001471920289855,0.0015462302047302,-0.9519412344631126,0.5202306545077815,0.5215353260869565,0.5960952784332708,noise,,,screen_xs_part4.csv,,,xs
RET1_X_RET2,0.0001138472397736,0.0006174160354278,0.1843930724843836,-0.001177536231884,0.0012324973185365,-0.9554067292270424,0.5200171909332059,0.5218297101449275,0.5902462636897199,noise,,,screen_ordinary_part3.csv,,,ordinary
XS_SV2_MEAN,-0.0003159260903719,0.0007338376543239,-0.4305122372917644,-0.0012907608695652,0.0013144548876499,-0.9819742630140308,0.5195874176030603,0.5217164855072464,0.596004517859664,noise,,,screen_xs_part7.csv,,,xs
LEVY_AREA_PV,0.0001081548777849,0.0006009277193694,0.1799798449944465,-0.0012907608695652,0.0012850693426621,-1.0044289648146894,0.5200114985712172,0.5217164855072464,0.5924346019644622,noise,-1.0044289648146894,-0.8244491198202428,creative/screen_creative_ALL.csv,,,creative
XS_GMEAN_OWN_MINUS_OTHER,0.000133770506734,0.0007676800373268,0.1742529442342627,-0.0016191123188405,0.0015667989730667,-1.0333886775987622,0.5200371142001662,0.521388134057971,0.602004800225893,noise,,,screen_xs_part3.csv,,,xs
ACF1_x_R1,0.0009221626421667,0.0006225732080917,1.481211575090578,-0.0012681159420289,0.0012034935673705,-1.05369565439359,0.5208255063355989,0.5217391304347826,0.591133700409431,noise,-1.05369565439359,0.427515920696988,creative/screen_creative_ALL.csv,,,creative
XS_GMEAN_RM5_G4,0.0004724660450607,0.0007131581896182,0.6624982394349859,-0.001664402173913,0.0015306943502807,-1.0873510924031211,0.5203758097384928,0.5213428442028986,0.5904580383614692,noise,,,screen_xs_part2.csv,,,xs
RET1_X_AC1,0.0003529264432983,0.0005917173612173,0.5964442932218496,-0.0013473731884057,0.0012365883604149,-1.0895890916793631,0.5202562701367306,0.5216598731884058,0.5952078417135597,noise,,,screen_ordinary_part4.csv,,,ordinary
XS_RET1_NONREPORTERS_MEAN,0.0001024625157963,0.0007162358231968,0.1430569548154805,-0.0015172101449275,0.001351810785165,-1.1223539282106283,0.5200058062092284,0.5214900362318841,0.591113531393074,noise,,,screen_xs_part5.csv,,,xs
STD_5,0.0002020788505982,0.0006091959597162,0.3317140361410067,-0.0014492753623188,0.0012723680472055,-1.1390378479731933,0.5201054225440305,0.5215579710144927,0.5881285169722272,noise,,,screen_ordinary_part4.csv,,,ordinary
SV2_x_RET1,0.0010189327959743,0.0006110846241352,1.6674168449521678,-0.0015172101449275,0.001266242904295,-1.1981983391822024,0.5209222764894065,0.5214900362318841,0.5917085173756076,noise,,,volscreen/screen_volume_c2_trend_agree.csv,,,volume
XS_KNN5ALL_RET1_DIFF,-0.0001110010587793,0.0005915247195282,-0.1876524431098218,-0.0016530797101449,0.0012885671188254,-1.2828821145551017,0.5197923426346528,0.5213541666666667,0.5894092495109013,noise,,,screen_xs_part5.csv,,,xs
MEAN_MINUS_MEDIAN_Z,-0.0003785420722474,0.0005968547368047,-0.6342281444794857,-0.0016077898550724,0.0011899637237534,-1.3511250998485431,0.5195248016211848,0.5213994565217391,0.5906496440168613,noise,-1.3511250998485431,-1.9853532443280288,creative/screen_creative_ALL.csv,,,creative
XS_SHARE_POS_RM5,-0.0007969306784157,0.0007139197719665,-1.1162748388666697,-0.0019927536231884,0.0014619268563394,-1.3631007697458597,0.5191064130150165,0.5210144927536232,0.5958330812206288,noise,,,screen_xs_part1.csv,,,xs
PAT4_RATE,-0.0003956191582135,0.0006292198481606,-0.6287455161657548,-0.0016417572463768,0.001157105618736,-1.418848219033132,0.5195077245352187,0.5213654891304348,0.5901655876242916,noise,-1.418848219033132,-2.0475937351988867,creative/screen_creative_ALL.csv,,,creative
SV_MEAN_NOSENT_2_20,-1.0842021724855044e-19,0.000600057826478,-1.806829483166876e-16,-0.0017889492753623,0.0012588122750362,-1.421140634580215,0.5199033436934322,0.5212182971014493,0.5962667150723059,noise,,,volscreen/screen_volume_c1_path.csv,,,volume
XS_MKT_RET1_Z,0.000475312226055,0.0006911322882644,0.6877297358638575,-0.0020153985507246,0.0014083313292163,-1.4310542618163848,0.5203786559194873,0.520991847826087,0.5958431657288074,noise,,,screen_xs_part4.csv,,,xs
CUM5_OVER_CUM20,-0.0003358493573323,0.0005936811580863,-0.5657066133190147,-0.0018115942028985,0.0012414278596335,-1.4592827032520743,0.5195674943360998,0.5211956521739131,0.5920917286863919,noise,-1.4592827032520743,-2.024989316571089,creative/screen_creative_ALL.csv,,,creative
SIGN_MATCH_5,-0.0009961633480196,0.0005765747899426,-1.7277261604150096,-0.001856884057971,0.0012325886135716,-1.5064913285142465,0.5189071803454125,0.5211503623188406,0.5979004053972288,noise,-1.7277261604150096,-3.2342174889292563,creative/screen_creative_ALL.csv,,,creative
XS_MKT_AC1,0.0003956191582135,0.0007204952000321,0.5490933988121692,-0.0030910326086956,0.001869863876277,-1.6530789475702148,0.5202989628516457,0.5199162137681159,0.6038805187471007,noise,,,screen_xs_part4.csv,,,xs
LOGIT_RAW20,0.0005350820269362,0.0008271698544769,0.6468828911500993,-0.0029664855072463,0.001662392674049,-1.784467384604738,0.5204384257203685,0.5200407608695652,0.598525644904298,noise,-1.784467384604738,-1.1375844934546389,creative/screen_creative_ALL.csv,,,creative
LOGIT_NORM20,-0.0004326195111399,0.0008374732846037,-0.5165770885988699,-0.0037477355072463,0.0015131673597747,-2.4767488427746205,0.5194707241822922,0.5192595108695652,0.5981827716262278,noise,-2.4767488427746205,-2.9933259313734903,creative/screen_creative_ALL.csv,,,creative
