TS,chain_id,pos,day,n_allocs,groups
DATE_1448,0,0,0,65,3
DATE_1854,0,1,1,65,3
DATE_0590,0,2,2,65,3
DATE_0901,0,3,3,65,3
DATE_1110,0,4,4,65,3
DATE_1069,0,5,5,65,3
DATE_1656,0,6,6,65,3
DATE_2056,0,7,7,65,3
DATE_1593,0,8,8,65,3
DATE_0567,0,9,9,65,3
DATE_0811,0,10,10,65,3
DATE_1061,0,11,11,65,3
DATE_1418,0,12,12,65,3
DATE_2169,0,13,13,65,3
DATE_0840,0,14,14,65,3
DATE_1751,0,15,15,65,3
DATE_1939,0,16,16,65,3
DATE_1739,0,17,17,65,3
DATE_2062,0,18,18,65,3
DATE_1101,0,19,19,65,3
DATE_0701,0,20,20,65,3
DATE_1232,0,21,21,65,3
DATE_0690,0,22,22,65,3
DATE_1805,0,23,23,65,3
DATE_0210,0,24,24,65,3
DATE_0979,0,25,25,65,3
DATE_2228,0,26,26,65,3
DATE_2396,0,27,27,65,3
DATE_2077,0,28,28,65,3
DATE_0660,0,29,29,65,3
DATE_1134,0,30,30,65,3
DATE_1323,0,31,31,65,3
DATE_1327,0,32,32,65,3
DATE_0236,0,33,33,65,3
DATE_0493,0,34,34,65,3
DATE_0989,0,35,35,65,3
DATE_1873,0,36,36,65,3
DATE_0956,0,37,37,65,3
DATE_2004,0,38,38,65,3
DATE_1172,0,39,39,65,3
DATE_1682,0,40,40,65,3
DATE_2520,0,41,41,65,3
DATE_2359,0,42,42,65,3
DATE_1678,0,43,43,65,3
DATE_0279,0,44,44,65,3
DATE_1994,0,45,45,65,3
DATE_2253,0,46,46,65,3
DATE_1209,0,47,47,65,3
DATE_2366,0,48,48,65,3
DATE_0595,0,49,49,65,3
DATE_1521,0,50,50,65,3
DATE_1492,0,51,51,65,3
DATE_1673,0,52,52,65,3
DATE_0414,0,53,53,65,3
DATE_1591,0,54,54,65,3
DATE_2294,0,55,55,65,3
DATE_1626,0,56,56,65,3
DATE_0119,0,57,57,65,3
DATE_1778,0,58,58,65,3
DATE_2243,0,59,59,65,3
DATE_0104,0,60,60,65,3
DATE_2073,0,61,61,65,3
DATE_2043,0,62,62,65,3
DATE_1221,0,63,63,65,3
DATE_0391,0,64,64,65,3
DATE_2391,0,65,65,65,3
DATE_0601,0,66,66,65,3
DATE_1459,0,67,67,65,3
DATE_1910,0,68,68,65,3
DATE_1290,0,69,69,65,3
DATE_1451,0,70,70,65,3
DATE_0899,0,71,71,65,3
DATE_1834,0,72,72,65,3
DATE_2074,0,73,73,65,3
DATE_0020,0,74,74,65,3
DATE_1108,0,75,75,65,3
DATE_0927,0,76,76,65,3
DATE_0484,0,77,77,65,3
DATE_1977,0,78,78,65,3
DATE_1257,0,79,79,65,3
DATE_0377,0,80,80,65,3
DATE_0661,0,81,81,65,3
DATE_0284,0,82,82,65,3
DATE_0662,0,83,83,65,3
DATE_2064,0,84,84,65,3
DATE_2288,0,85,85,65,3
DATE_1528,0,86,86,65,3
DATE_2473,0,87,87,65,3
DATE_0573,0,88,88,65,3
DATE_0839,0,89,89,65,3
DATE_2112,0,90,90,65,3
DATE_1658,0,91,91,65,3
DATE_1560,0,92,92,65,3
DATE_0355,0,93,93,65,3
DATE_0091,0,94,94,65,3
DATE_0133,0,95,95,65,3
DATE_1194,0,96,96,65,3
DATE_0752,0,97,97,65,3
DATE_0433,0,98,98,65,3
DATE_1055,0,99,99,65,3
DATE_1945,0,100,100,65,3
DATE_1662,0,101,101,65,3
DATE_0750,0,102,102,65,3
DATE_2306,0,103,103,65,3
DATE_1595,0,104,104,65,3
DATE_2404,0,105,105,65,3
DATE_1664,0,106,106,65,3
DATE_1833,0,107,107,65,3
DATE_0480,0,108,108,65,3
DATE_0546,0,109,109,65,3
DATE_1065,0,110,110,65,3
DATE_0462,0,111,111,65,3
DATE_1830,0,112,112,65,3
DATE_1274,0,113,113,65,3
DATE_1415,0,114,114,65,3
DATE_1907,0,115,115,65,3
DATE_1486,0,116,116,65,3
DATE_1923,0,117,117,65,3
DATE_1731,0,118,118,65,3
DATE_2174,0,119,119,65,3
DATE_0622,0,120,120,65,3
DATE_0891,0,121,121,65,3
DATE_1490,0,122,122,65,3
DATE_2503,0,123,123,65,3
DATE_1957,0,124,124,65,3
DATE_1781,0,125,125,65,3
DATE_0909,0,126,126,65,3
DATE_1674,0,127,127,65,3
DATE_2242,0,128,128,65,3
DATE_2454,0,129,129,65,3
DATE_0445,0,130,130,65,3
DATE_1190,0,131,131,65,3
DATE_1354,0,132,132,65,3
DATE_2275,0,133,133,65,3
DATE_1799,0,134,134,65,3
DATE_2068,0,135,135,65,3
DATE_0417,0,136,136,65,3
DATE_2047,0,137,137,65,3
DATE_1136,0,138,138,65,3
DATE_0145,0,139,139,65,3
DATE_1966,0,140,140,65,3
DATE_0124,0,141,141,65,3
DATE_0272,0,142,142,65,3
DATE_0139,0,143,143,65,3
DATE_1334,0,144,144,65,3
DATE_2325,0,145,145,65,3
DATE_1450,0,146,146,65,3
DATE_0022,0,147,147,65,3
DATE_0006,0,148,148,65,3
DATE_0733,0,149,149,65,3
DATE_0664,0,150,150,65,3
DATE_2293,0,151,151,65,3
DATE_0756,0,152,152,65,3
DATE_0995,0,153,153,65,3
DATE_0195,0,154,154,65,3
DATE_1883,0,155,155,65,3
DATE_0921,0,156,156,65,3
DATE_0237,0,157,157,65,3
DATE_1381,0,158,158,65,3
DATE_2291,0,159,159,65,3
DATE_1235,0,160,160,65,3
DATE_2142,0,161,161,65,3
DATE_0105,0,162,162,65,3
DATE_0035,0,163,163,65,3
DATE_0976,0,164,164,65,3
DATE_1474,0,165,165,65,3
DATE_0260,0,166,166,65,3
DATE_0705,0,167,167,65,3
DATE_1859,0,168,168,65,3
DATE_2153,0,169,169,65,3
DATE_0523,0,170,170,65,3
DATE_0929,0,171,171,65,3
DATE_0957,0,172,172,65,3
DATE_1374,0,173,173,65,3
DATE_2100,0,174,174,65,3
DATE_0347,0,175,175,65,3
DATE_0295,0,176,176,65,3
DATE_1902,0,177,177,65,3
DATE_0275,0,178,178,65,3
DATE_2237,0,179,179,65,3
DATE_1943,0,180,180,65,3
DATE_0283,0,181,181,65,3
DATE_2040,0,182,182,65,3
DATE_2015,0,183,183,65,3
DATE_0396,0,184,184,65,3
DATE_0718,0,185,185,65,3
DATE_2136,0,186,186,65,3
DATE_2299,0,187,187,65,3
DATE_0152,0,188,188,65,3
DATE_0709,0,189,189,65,3
DATE_1661,0,190,190,65,3
DATE_0885,0,191,191,65,3
DATE_1335,0,192,192,65,3
DATE_1111,0,193,193,65,3
DATE_1203,0,194,194,65,3
DATE_1154,0,195,195,65,3
DATE_2049,0,196,196,65,3
DATE_0162,0,197,197,65,3
DATE_1260,0,198,198,65,3
DATE_1144,0,199,199,65,3
DATE_0296,0,200,200,65,3
DATE_0224,0,201,201,65,3
DATE_1809,0,202,202,65,3
DATE_1643,0,203,203,65,3
DATE_1508,0,204,204,65,3
DATE_1032,0,205,205,65,3
DATE_0178,0,206,206,65,3
DATE_0114,0,207,207,65,3
DATE_0053,0,208,208,65,3
DATE_0302,0,209,209,65,3
DATE_1162,0,210,210,65,3
DATE_1198,0,211,211,65,3
DATE_1697,0,212,212,65,3
DATE_2247,0,213,213,65,3
DATE_2139,0,214,214,65,3
DATE_2466,0,215,215,65,3
DATE_2076,0,216,216,65,3
DATE_2176,0,217,217,65,3
DATE_0877,0,218,218,65,3
DATE_2244,0,219,219,65,3
DATE_0606,0,220,220,65,3
DATE_1699,0,221,221,65,3
DATE_0193,0,222,222,65,3
DATE_1407,0,223,223,65,3
DATE_0234,0,224,224,65,3
DATE_2321,0,225,225,65,3
DATE_1356,0,226,226,65,3
DATE_0847,0,227,227,65,3
DATE_1942,0,228,228,65,3
DATE_1856,0,229,229,65,3
DATE_1511,0,230,230,65,3
DATE_2057,0,231,231,65,3
DATE_1891,0,232,232,65,3
DATE_0826,0,233,233,65,3
DATE_0888,0,234,234,65,3
DATE_1248,0,235,235,65,3
DATE_0738,0,236,236,65,3
DATE_2445,0,237,237,65,3
DATE_1118,0,238,238,65,3
DATE_0325,0,239,239,65,3
DATE_2084,0,240,240,65,3
DATE_0136,0,241,241,65,3
DATE_0412,0,242,242,65,3
DATE_0994,0,243,243,65,3
DATE_1912,0,244,244,65,3
DATE_0648,0,245,245,65,3
DATE_1818,0,246,246,65,3
DATE_1839,0,247,247,65,3
DATE_2085,0,248,248,65,3
DATE_2097,0,249,249,65,3
DATE_0874,0,250,250,65,3
DATE_1991,0,251,251,65,3
DATE_2055,0,252,252,65,3
DATE_0728,0,253,253,65,3
DATE_1978,0,254,254,65,3
DATE_2238,0,255,255,65,3
DATE_1900,0,256,256,65,3
DATE_0431,0,257,257,65,3
DATE_1184,0,258,258,65,3
DATE_0141,0,259,259,65,3
DATE_2500,0,260,260,65,3
DATE_0949,0,261,261,65,3
DATE_0164,0,262,262,65,3
DATE_0730,0,263,263,65,3
DATE_1080,0,264,264,65,3
DATE_1292,0,265,265,68,3
DATE_1173,0,266,266,68,3
DATE_1654,0,267,267,68,3
DATE_1166,0,268,268,68,3
DATE_2341,0,269,269,68,3
DATE_0829,0,270,270,68,3
DATE_0021,0,271,271,68,3
DATE_2448,0,272,272,68,3
DATE_1688,0,273,273,68,3
DATE_1784,0,274,274,68,3
DATE_2254,0,275,275,68,3
DATE_2442,0,276,276,68,3
DATE_1251,0,277,277,68,3
DATE_1746,0,278,278,68,3
DATE_1874,0,279,279,68,3
DATE_0413,0,280,280,68,3
DATE_1399,0,281,281,68,3
DATE_0827,0,282,282,68,3
DATE_2463,0,283,283,69,3
DATE_0492,0,284,284,69,3
DATE_0187,0,285,285,69,3
DATE_2066,0,286,286,69,3
DATE_2413,0,287,287,69,3
DATE_0588,0,288,288,69,3
DATE_2039,0,289,289,69,3
DATE_0837,0,290,290,69,3
DATE_0681,0,291,291,69,3
DATE_1543,0,292,292,69,3
DATE_0079,0,293,293,69,3
DATE_1904,0,294,294,69,3
DATE_1352,0,295,295,69,3
DATE_1908,0,296,296,69,3
DATE_0301,0,297,297,69,3
DATE_0409,0,298,298,69,3
DATE_0943,0,299,299,69,3
DATE_2148,0,300,300,69,3
DATE_2333,0,301,301,69,3
DATE_1116,0,302,302,69,3
DATE_1288,0,303,303,69,3
DATE_2310,0,304,304,69,3
DATE_1436,0,305,305,69,3
DATE_1506,0,306,306,69,3
DATE_0025,0,307,307,69,3
DATE_0880,0,308,308,69,3
DATE_0317,0,309,309,69,3
DATE_2124,0,310,310,69,3
DATE_1836,0,311,311,69,3
DATE_1766,0,312,312,69,3
DATE_1263,0,313,313,69,3
DATE_2161,0,314,314,69,3
DATE_1062,0,315,315,69,3
DATE_1917,0,316,316,69,3
DATE_0205,0,317,317,69,3
DATE_0935,0,318,318,69,3
DATE_0694,0,319,319,69,3
DATE_1469,0,320,320,69,3
DATE_2464,0,321,321,69,3
DATE_2140,0,322,322,69,3
DATE_0964,0,323,323,69,3
DATE_0574,0,324,324,69,3
DATE_1544,0,325,325,69,3
DATE_0999,0,326,326,69,3
DATE_2051,0,327,327,69,3
DATE_0244,0,328,328,69,3
DATE_1612,0,329,329,69,3
DATE_0483,0,330,330,69,3
DATE_1741,0,331,331,69,3
DATE_0031,0,332,332,69,3
DATE_2386,0,333,333,69,3
DATE_0706,0,334,334,69,3
DATE_1445,0,335,335,69,3
DATE_1249,0,336,336,69,3
DATE_0362,0,337,337,69,3
DATE_0288,0,338,338,69,3
DATE_2200,0,339,339,69,3
DATE_0113,0,340,340,69,3
DATE_0471,0,341,341,69,3
DATE_0281,0,342,342,69,3
DATE_1610,0,343,343,69,3
DATE_0173,0,344,344,69,3
DATE_0170,0,345,345,69,3
DATE_1988,0,346,346,69,3
DATE_0041,0,347,347,69,3
DATE_1791,0,348,348,69,3
DATE_1775,0,349,349,69,3
DATE_2358,0,350,350,69,3
DATE_0651,0,351,351,69,3
DATE_0487,0,352,352,69,3
DATE_0215,0,353,353,69,3
DATE_1439,0,354,354,69,3
DATE_0033,0,355,355,69,3
DATE_0879,0,356,356,69,3
DATE_1965,0,357,357,69,3
DATE_2498,0,358,358,69,3
DATE_0993,0,359,359,69,3
DATE_1363,0,360,360,69,3
DATE_0223,0,361,361,69,3
DATE_1028,0,362,362,69,3
DATE_1797,0,363,363,69,3
DATE_1473,0,364,364,69,3
DATE_2367,0,365,365,69,3
DATE_0720,0,366,366,69,3
DATE_2205,0,367,367,69,3
DATE_0083,0,368,368,69,3
DATE_0587,0,369,369,69,3
DATE_1811,0,370,370,69,3
DATE_1722,0,371,371,69,3
DATE_1638,0,372,372,69,3
DATE_0289,0,373,373,69,3
DATE_1698,0,374,374,69,3
DATE_2519,0,375,375,69,3
DATE_1465,0,376,376,69,3
DATE_0905,0,377,377,69,3
DATE_0181,0,378,378,69,3
DATE_0621,0,379,379,69,3
DATE_0796,0,380,380,69,3
DATE_0420,0,381,381,69,3
DATE_1710,0,382,382,69,3
DATE_2374,0,383,383,69,3
DATE_0580,0,384,384,69,3
DATE_2189,0,385,385,69,3
DATE_0447,0,386,386,69,3
DATE_1672,0,387,387,69,3
DATE_0160,0,388,388,69,3
DATE_2356,0,389,389,69,3
DATE_1008,0,390,390,69,3
DATE_1605,0,391,391,69,3
DATE_2102,0,392,392,69,3
DATE_2320,0,393,393,69,3
DATE_0307,0,394,394,69,3
DATE_1867,0,395,395,69,3
DATE_1708,0,396,396,69,3
DATE_0150,0,397,397,69,3
DATE_2014,0,398,398,69,3
DATE_1578,0,399,399,69,3
DATE_2234,0,400,400,69,3
DATE_0441,0,401,401,69,3
DATE_1336,0,402,402,69,3
DATE_0527,0,403,403,69,3
DATE_2172,0,404,404,69,3
DATE_2387,0,405,405,69,3
DATE_1822,0,406,406,69,3
DATE_2104,0,407,407,69,3
DATE_1905,0,408,408,69,3
DATE_1015,0,409,409,69,3
DATE_2345,0,410,410,69,3
DATE_0011,0,411,411,69,3
DATE_1535,0,412,412,69,3
DATE_0955,0,413,413,69,3
DATE_0344,0,414,414,69,3
DATE_1577,0,415,415,69,3
DATE_0864,0,416,416,69,3
DATE_0277,0,417,417,69,3
DATE_2155,0,418,418,69,3
DATE_0830,0,419,419,69,3
DATE_0933,0,420,420,69,3
DATE_1817,0,421,421,69,3
DATE_0117,0,422,422,69,3
DATE_0155,1,423,423,70,1
DATE_0571,1,424,423,69,3
DATE_1762,1,425,423,70,1
DATE_0764,1,426,424,69,3
DATE_0385,1,427,425,69,3
DATE_1420,1,428,426,69,3
DATE_0374,1,429,427,69,3
DATE_0270,1,430,428,69,3
DATE_2178,1,431,429,69,3
DATE_2276,1,432,430,69,3
DATE_0800,1,433,431,69,3
DATE_2302,1,434,432,69,3
DATE_0636,1,435,433,69,3
DATE_0494,1,436,434,69,3
DATE_0475,1,437,435,69,3
DATE_1129,1,438,436,69,3
DATE_1025,1,439,437,69,3
DATE_2260,1,440,438,69,3
DATE_0208,1,441,439,69,3
DATE_1875,1,442,440,69,3
DATE_0608,1,443,441,69,3
DATE_0008,1,444,442,69,3
DATE_0329,1,445,443,69,3
DATE_1532,1,446,444,69,3
DATE_2250,1,447,445,69,3
DATE_0457,1,448,446,69,3
DATE_0977,1,449,447,69,3
DATE_1438,1,450,448,69,3
DATE_1514,1,451,449,69,3
DATE_0221,1,452,450,69,3
DATE_0090,1,453,451,69,3
DATE_0408,1,454,452,69,3
DATE_0966,1,455,453,69,3
DATE_2224,1,456,454,69,3
DATE_0774,1,457,455,69,3
DATE_0321,1,458,456,69,3
DATE_0267,1,459,457,69,3
DATE_0454,1,460,458,69,3
DATE_1726,1,461,459,69,3
DATE_0214,1,462,460,69,3
DATE_0689,1,463,461,69,3
DATE_1812,1,464,462,69,3
DATE_2375,1,465,463,69,3
DATE_2193,1,466,464,69,3
DATE_0569,1,467,465,69,3
DATE_1571,1,468,466,69,3
DATE_0048,1,469,467,69,3
DATE_0003,1,470,468,69,3
DATE_1100,1,471,469,69,3
DATE_1090,1,472,470,69,3
DATE_1581,1,473,471,69,3
DATE_2298,1,474,472,69,3
DATE_0335,1,475,473,69,3
DATE_0742,1,476,474,69,3
DATE_0703,1,477,475,69,3
DATE_1271,1,478,476,69,3
DATE_0740,1,479,477,69,3
DATE_1050,1,480,478,69,3
DATE_1117,1,481,479,69,3
DATE_1531,1,482,480,69,3
DATE_1254,1,483,481,69,3
DATE_1157,1,484,482,69,3
DATE_2412,1,485,483,69,3
DATE_0146,1,486,484,69,3
DATE_2427,1,487,485,69,3
DATE_1651,1,488,486,69,3
DATE_1733,1,489,487,69,3
DATE_2217,1,490,488,69,3
DATE_0803,1,491,489,69,3
DATE_0201,1,492,490,69,3
DATE_1925,1,493,491,69,3
DATE_1388,1,494,492,69,3
DATE_2301,1,495,493,138,23
DATE_1421,1,496,494,138,23
DATE_0889,1,497,495,138,23
DATE_2393,1,498,496,138,23
DATE_0040,1,499,497,138,23
DATE_2171,1,500,498,138,23
DATE_1018,1,501,499,138,23
DATE_1885,1,502,500,138,23
DATE_0241,1,503,501,138,23
DATE_2419,1,504,502,138,23
DATE_2235,1,505,503,138,23
DATE_1135,1,506,504,138,23
DATE_2305,1,507,505,138,23
DATE_0804,1,508,506,138,23
DATE_0194,1,509,507,138,23
DATE_0464,1,510,508,138,23
DATE_2218,1,511,509,138,23
DATE_1035,1,512,510,138,23
DATE_1126,1,513,511,138,23
DATE_1197,1,514,512,138,23
DATE_0914,1,515,513,138,23
DATE_0686,1,516,514,138,23
DATE_2093,1,517,515,138,23
DATE_1351,1,518,516,138,23
DATE_2069,1,519,517,138,23
DATE_2027,1,520,518,69,2
DATE_1041,1,521,519,138,23
DATE_1022,1,522,520,138,23
DATE_2246,1,523,521,138,23
DATE_0535,1,524,522,138,23
DATE_1714,1,525,523,138,23
DATE_1394,1,526,524,138,23
DATE_0066,1,527,525,138,23
DATE_0163,1,528,526,138,23
DATE_0900,1,529,527,138,23
DATE_0842,1,530,528,138,23
DATE_1886,1,531,529,138,23
DATE_1281,1,532,530,138,23
DATE_1633,1,533,531,138,23
DATE_1163,1,534,532,138,23
DATE_0331,1,535,533,138,23
DATE_0426,1,536,534,204,234
DATE_1877,1,537,535,204,234
DATE_2426,1,538,536,204,234
DATE_0423,1,539,537,204,234
DATE_0613,1,540,538,204,234
DATE_0783,1,541,539,204,234
DATE_0394,1,542,540,204,234
DATE_1291,1,543,541,204,234
DATE_1898,1,544,542,204,234
DATE_1852,1,545,543,204,234
DATE_1631,1,546,544,204,234
DATE_2044,1,547,545,204,234
DATE_2451,1,548,546,204,234
DATE_0189,1,549,547,204,234
DATE_1287,1,550,548,135,34
DATE_0983,1,551,549,135,34
DATE_2510,1,552,550,204,234
DATE_0403,1,553,551,204,234
DATE_1427,1,554,552,204,234
DATE_0127,1,555,553,204,234
DATE_2514,1,556,554,204,234
DATE_0670,1,557,555,204,234
DATE_0030,1,558,556,204,234
DATE_1003,1,559,557,204,234
DATE_0716,1,560,558,69,3
DATE_1411,1,561,559,204,234
DATE_0875,1,562,560,204,234
DATE_2444,1,563,561,135,24
DATE_0816,1,564,562,204,234
DATE_1695,1,565,563,204,234
DATE_1076,1,566,564,204,234
DATE_0868,1,567,565,204,234
DATE_1211,1,568,566,204,234
DATE_1229,1,569,567,204,234
DATE_1622,1,570,568,204,234
DATE_1918,1,571,569,204,234
DATE_1449,1,572,570,204,234
DATE_2227,1,573,571,204,234
DATE_0649,1,574,572,204,234
DATE_1168,1,575,573,204,234
DATE_2107,1,576,574,204,234
DATE_0857,1,577,575,204,234
DATE_0169,1,578,576,204,234
DATE_1880,1,579,577,138,23
DATE_0098,1,580,578,135,24
DATE_0131,1,581,579,204,234
DATE_0644,1,582,580,204,234
DATE_0263,1,583,581,204,234
DATE_2443,1,584,582,204,234
DATE_1667,1,585,583,66,4
DATE_1375,1,586,584,204,234
DATE_0659,1,587,585,204,234
DATE_1649,1,588,586,204,234
DATE_2273,1,589,587,204,234
DATE_1841,1,590,588,204,234
DATE_1322,1,591,589,204,234
DATE_2381,1,592,590,204,234
DATE_1647,1,593,591,204,234
DATE_0337,1,594,592,204,234
DATE_0501,1,595,593,204,234
DATE_0564,1,596,594,204,234
DATE_2347,1,597,595,204,234
DATE_1140,1,598,596,204,234
DATE_2509,1,599,597,204,234
DATE_1201,1,600,598,204,234
DATE_0276,1,601,599,204,234
DATE_0832,1,602,600,204,234
DATE_2326,1,603,601,204,234
DATE_0817,1,604,602,69,3
DATE_2132,1,605,602,135,24
DATE_1679,1,606,603,204,234
DATE_0719,1,607,604,204,234
DATE_1500,1,608,605,204,234
DATE_1855,1,609,606,204,234
DATE_1704,1,610,607,204,234
DATE_1840,1,611,608,204,234
DATE_1730,1,612,609,204,234
DATE_2278,1,613,610,204,234
DATE_1155,1,614,611,204,234
DATE_2192,1,615,612,204,234
DATE_1670,1,616,613,204,234
DATE_2163,1,617,614,204,234
DATE_0039,1,618,615,204,234
DATE_1467,1,619,616,204,234
DATE_1014,1,620,617,204,234
DATE_2331,1,621,618,135,34
DATE_2316,1,622,619,204,234
DATE_2277,1,623,620,204,234
DATE_1676,1,624,621,204,234
DATE_0137,1,625,622,204,234
DATE_0122,1,626,623,204,234
DATE_0866,1,627,624,204,234
DATE_2180,1,628,625,204,234
DATE_0582,1,629,626,204,234
DATE_1984,1,630,627,204,234
DATE_1584,1,631,628,204,234
DATE_0106,1,632,629,204,234
DATE_0004,1,633,630,204,234
DATE_0678,1,634,631,204,234
DATE_0506,1,635,632,204,234
DATE_1975,1,636,633,204,234
DATE_0300,1,637,634,204,234
DATE_0042,1,638,635,204,234
DATE_1901,1,639,636,204,234
DATE_0806,1,640,637,204,234
DATE_1245,1,641,638,204,234
DATE_1551,1,642,639,204,234
DATE_0497,1,643,640,204,234
DATE_0599,1,644,641,204,234
DATE_0047,1,645,642,204,234
DATE_2249,1,646,643,204,234
DATE_2173,1,647,644,135,34
DATE_1479,1,648,645,204,234
DATE_0078,1,649,646,204,234
DATE_1180,1,650,647,204,234
DATE_0568,1,651,648,204,234
DATE_1865,1,652,649,204,234
DATE_0669,1,653,650,204,234
DATE_0876,1,654,651,135,24
DATE_0246,1,655,652,204,234
DATE_2061,1,656,653,204,234
DATE_2267,1,657,654,204,234
DATE_0086,1,658,655,204,234
DATE_1770,1,659,656,135,34
DATE_0502,1,660,657,204,234
DATE_1563,1,661,658,204,234
DATE_2003,1,662,659,204,234
DATE_1911,1,663,660,204,234
DATE_0671,1,664,661,204,234
DATE_0271,1,665,662,204,234
DATE_0859,1,666,663,204,234
DATE_0652,1,667,664,204,234
DATE_1660,1,668,665,204,234
DATE_0316,1,669,666,204,234
DATE_1337,1,670,667,204,234
DATE_1564,1,671,668,204,234
DATE_0926,1,672,669,204,234
DATE_1608,1,673,670,204,234
DATE_0422,1,674,671,204,234
DATE_1004,1,675,672,204,234
DATE_0823,1,676,673,204,234
DATE_0795,1,677,674,204,234
DATE_2376,1,678,675,204,234
DATE_0018,1,679,676,204,234
DATE_1624,1,680,677,204,234
DATE_0822,1,681,678,204,234
DATE_0198,1,682,679,204,234
DATE_1064,1,683,680,204,234
DATE_0185,1,684,681,138,23
DATE_0768,1,685,682,138,23
DATE_1525,1,686,683,69,3
DATE_1476,1,687,684,138,23
DATE_0024,1,688,685,69,2
DATE_2456,1,689,686,204,234
DATE_2212,1,690,687,135,34
DATE_1924,1,691,688,204,234
DATE_0112,1,692,689,204,234
DATE_2259,1,693,690,204,234
DATE_0435,1,694,691,204,234
DATE_1079,1,695,692,204,234
DATE_0219,1,696,693,204,234
DATE_2226,1,697,694,204,234
DATE_1823,1,698,695,206,234
DATE_1970,1,699,696,206,234
DATE_0156,1,700,697,206,234
DATE_0395,1,701,698,206,234
DATE_2157,1,702,699,206,234
DATE_2379,1,703,700,206,234
DATE_1095,1,704,701,206,234
DATE_1734,1,705,702,206,234
DATE_1618,1,706,703,206,234
DATE_0489,1,707,704,206,234
DATE_0835,1,708,705,206,234
DATE_0878,1,709,706,206,234
DATE_2159,1,710,707,206,234
DATE_0945,1,711,708,206,234
DATE_1861,1,712,709,206,234
DATE_2420,1,713,710,206,234
DATE_2108,1,714,711,206,234
DATE_0399,1,715,712,206,234
DATE_0013,1,716,713,206,234
DATE_2450,1,717,714,204,234
DATE_1828,1,718,715,204,234
DATE_1866,1,719,716,204,234
DATE_2182,1,720,717,204,234
DATE_1986,1,721,718,204,234
DATE_1409,1,722,719,204,234
DATE_0683,1,723,720,204,234
DATE_1512,1,724,721,204,234
DATE_0912,1,725,722,204,234
DATE_2513,1,726,723,204,234
DATE_2364,1,727,724,204,234
DATE_1089,1,728,725,204,234
DATE_0051,1,729,726,204,234
DATE_2344,1,730,727,204,234
DATE_1983,1,731,728,204,234
DATE_0916,1,732,729,204,234
DATE_1700,1,733,730,204,234
DATE_1057,1,734,731,204,234
DATE_2091,1,735,732,204,234
DATE_0389,1,736,733,204,234
DATE_0330,1,737,734,204,234
DATE_1655,1,738,735,204,234
DATE_0242,1,739,736,204,234
DATE_1712,1,740,737,204,234
DATE_2492,1,741,738,204,234
DATE_2252,1,742,739,204,234
DATE_0410,1,743,740,204,234
DATE_0466,1,744,741,204,234
DATE_1863,1,745,742,204,234
DATE_1367,1,746,743,204,234
DATE_0585,1,747,744,66,4
DATE_1047,1,748,745,135,34
DATE_1832,1,749,746,206,234
DATE_0959,1,750,747,206,234
DATE_2223,1,751,748,136,24
DATE_0646,1,752,749,140,23
DATE_1997,1,753,750,206,234
DATE_0700,1,754,751,206,234
DATE_2236,1,755,752,206,234
DATE_1309,1,756,753,206,234
DATE_1764,1,757,754,206,234
DATE_1328,1,758,755,206,234
DATE_0846,1,759,756,206,234
DATE_1738,1,760,757,206,234
DATE_0597,1,761,758,206,234
DATE_0821,1,762,759,206,234
DATE_0777,1,763,760,206,234
DATE_0778,1,764,761,206,234
DATE_0869,1,765,762,206,234
DATE_2436,1,766,763,206,234
DATE_1342,1,767,764,206,234
DATE_0758,1,768,765,70,3
DATE_1158,1,769,766,140,23
DATE_1652,1,770,767,140,23
DATE_1083,1,771,768,206,234
DATE_1701,1,772,769,206,234
DATE_1252,1,773,770,206,234
DATE_2018,1,774,771,206,234
DATE_0044,1,775,772,206,234
DATE_0789,1,776,773,206,234
DATE_0479,1,777,774,206,234
DATE_0561,1,778,775,206,234
DATE_1230,1,779,776,206,234
DATE_0744,1,780,777,206,234
DATE_1026,1,781,778,206,234
DATE_1497,1,782,779,206,234
DATE_1510,1,783,780,206,234
DATE_1955,1,784,781,206,234
DATE_0297,1,785,782,206,234
DATE_1982,1,786,783,206,234
DATE_1835,1,787,784,206,234
DATE_0769,1,788,785,206,234
DATE_2350,1,789,786,206,234
DATE_1568,1,790,787,206,234
DATE_0790,1,791,788,206,234
DATE_1582,1,792,789,206,234
DATE_2346,1,793,790,206,234
DATE_2282,1,794,791,206,234
DATE_1533,1,795,792,206,234
DATE_1789,1,796,793,206,234
DATE_2330,1,797,794,206,234
DATE_0216,1,798,795,206,234
DATE_1937,1,799,796,206,234
DATE_0986,1,800,797,206,234
DATE_1723,1,801,798,206,234
DATE_0153,1,802,799,206,234
DATE_1951,1,803,800,206,234
DATE_2036,1,804,801,206,234
DATE_2289,1,805,802,206,234
DATE_1191,1,806,803,206,234
DATE_0759,1,807,804,206,234
DATE_0209,1,808,805,206,234
DATE_2216,1,809,806,206,234
DATE_1555,1,810,807,206,234
DATE_2009,1,811,808,206,234
DATE_0593,1,812,809,206,234
DATE_0258,1,813,810,206,234
DATE_2022,1,814,811,206,234
DATE_2480,1,815,812,206,234
DATE_0405,1,816,813,140,23
DATE_2495,1,817,814,206,234
DATE_0696,1,818,815,206,234
DATE_0543,1,819,816,206,234
DATE_1377,1,820,817,136,34
DATE_0961,1,821,818,136,34
DATE_2283,1,822,819,206,234
DATE_0603,1,823,820,206,234
DATE_2284,1,824,821,206,234
DATE_2425,1,825,822,206,234
DATE_1691,1,826,823,206,234
DATE_0784,1,827,824,206,234
DATE_0366,1,828,825,206,234
DATE_0997,1,829,826,206,234
DATE_0375,1,830,827,206,234
DATE_0299,1,831,828,206,234
DATE_1541,1,832,829,206,234
DATE_0687,1,833,830,206,234
DATE_0815,1,834,831,206,234
DATE_0680,1,835,832,206,234
DATE_2438,1,836,833,136,24
DATE_0715,1,837,834,206,234
DATE_0061,1,838,835,206,234
DATE_0952,1,839,836,206,234
DATE_0897,1,840,837,206,234
DATE_2118,1,841,838,206,234
DATE_1509,1,842,839,206,234
DATE_2191,1,843,840,206,234
DATE_1650,1,844,841,206,234
DATE_2265,1,845,842,206,234
DATE_0884,1,846,843,206,234
DATE_1153,1,847,844,206,234
DATE_0092,1,848,845,206,234
DATE_1795,1,849,846,206,234
DATE_1837,1,850,847,206,234
DATE_0858,1,851,848,206,234
DATE_0500,1,852,849,206,234
DATE_2422,1,853,850,70,3
DATE_1105,1,854,851,140,23
DATE_2455,1,855,852,206,234
DATE_1082,1,856,853,206,234
DATE_0745,1,857,854,206,234
DATE_0860,1,858,855,206,234
DATE_1763,1,859,856,206,234
DATE_0401,1,860,857,206,234
DATE_0699,1,861,858,206,234
DATE_2338,1,862,859,206,234
DATE_0264,1,863,860,206,234
DATE_1106,1,864,861,206,234
DATE_1548,1,865,862,206,234
DATE_0512,1,866,863,206,234
DATE_2332,1,867,864,206,234
DATE_0960,1,868,865,206,234
DATE_0354,1,869,866,206,234
DATE_0611,1,870,867,206,234
DATE_0123,1,871,868,206,234
DATE_1749,1,872,869,206,234
DATE_1705,1,873,870,206,234
DATE_2130,1,874,871,206,234
DATE_0663,1,875,872,206,234
DATE_2479,1,876,873,206,234
DATE_0439,1,877,874,136,34
DATE_1621,1,878,875,206,234
DATE_0708,1,879,876,206,234
DATE_1293,1,880,877,206,234
DATE_0754,1,881,878,206,234
DATE_0071,1,882,879,206,234
DATE_0723,1,883,880,206,234
DATE_1956,1,884,881,206,234
DATE_0552,1,885,882,206,234
DATE_0779,1,886,883,206,234
DATE_2177,1,887,884,206,234
DATE_0356,1,888,885,206,234
DATE_2398,1,889,886,206,234
DATE_2110,1,890,887,206,234
DATE_2099,1,891,888,206,234
DATE_1790,1,892,889,206,234
DATE_0349,1,893,890,206,234
DATE_1036,1,894,891,206,234
DATE_1562,1,895,892,206,234
DATE_1922,1,896,893,206,234
DATE_0990,1,897,894,206,234
DATE_1798,1,898,895,206,234
DATE_1434,1,899,896,206,234
DATE_1457,1,900,897,206,234
DATE_0161,1,901,898,206,234
DATE_1298,1,902,899,206,234
DATE_2408,1,903,900,206,234
DATE_1024,1,904,901,206,234
DATE_0310,1,905,902,206,234
DATE_1304,1,906,903,206,234
DATE_0034,1,907,904,206,234
DATE_0012,1,908,905,206,234
DATE_1615,1,909,906,206,234
DATE_0138,1,910,907,206,234
DATE_0807,1,911,908,206,234
DATE_1070,1,912,909,206,234
DATE_0274,1,913,910,206,234
DATE_1782,1,914,911,206,234
DATE_1944,1,915,912,206,234
DATE_1464,1,916,913,206,234
DATE_1202,1,917,914,206,234
DATE_1350,1,918,915,206,234
DATE_0834,1,919,916,206,234
DATE_2458,1,920,917,206,234
DATE_1150,1,921,918,206,234
DATE_1637,1,922,919,206,234
DATE_1881,1,923,920,206,234
DATE_1919,1,924,921,206,234
DATE_2019,1,925,922,206,234
DATE_1824,1,926,923,206,234
DATE_2053,1,927,924,206,234
DATE_0116,1,928,925,206,234
DATE_1094,1,929,926,206,234
DATE_1927,1,930,927,206,234
DATE_0491,1,931,928,206,234
DATE_0630,1,932,929,206,234
DATE_1002,1,933,930,206,234
DATE_0787,1,934,931,206,234
DATE_1131,1,935,932,206,234
DATE_0559,1,936,933,206,234
DATE_1314,1,937,934,206,234
DATE_2392,1,938,935,206,234
DATE_1530,1,939,936,206,234
DATE_0191,1,940,937,206,234
DATE_0470,1,941,938,206,234
DATE_1539,1,942,939,206,234
DATE_0226,1,943,940,70,3
DATE_2351,1,944,940,70,2
DATE_1231,1,945,941,140,23
DATE_2441,1,946,942,140,23
DATE_1092,1,947,943,140,23
DATE_1743,1,948,944,140,23
DATE_1848,1,949,945,206,234
DATE_1968,1,950,946,206,234
DATE_0772,1,951,947,206,234
DATE_1585,1,952,948,206,234
DATE_2314,1,953,949,206,234
DATE_2287,1,954,950,206,234
DATE_1588,1,955,951,206,234
DATE_1217,1,956,952,206,234
DATE_2437,1,957,953,206,234
DATE_1308,1,958,954,206,234
DATE_1755,1,959,955,206,234
DATE_1477,1,960,956,136,34
DATE_2390,1,961,957,206,234
DATE_1226,1,962,958,206,234
DATE_1187,1,963,959,206,234
DATE_1093,1,964,960,206,234
DATE_1553,1,965,961,206,234
DATE_2489,1,966,962,206,234
DATE_1707,1,967,963,206,234
DATE_2119,1,968,964,206,234
DATE_0805,1,969,965,206,234
DATE_1829,1,970,966,206,234
DATE_1630,1,971,967,206,234
DATE_2092,1,972,968,206,234
DATE_1889,1,973,969,206,234
DATE_2399,1,974,970,206,234
DATE_1038,1,975,971,206,234
DATE_0980,1,976,972,206,234
DATE_0605,1,977,973,206,234
DATE_0532,1,978,974,206,234
DATE_1068,1,979,975,206,234
DATE_1051,1,980,976,206,234
DATE_0132,1,981,977,206,234
DATE_1130,1,982,978,206,234
DATE_0697,1,983,979,206,234
DATE_1027,1,984,980,206,234
DATE_1909,1,985,981,206,234
DATE_0893,1,986,982,206,234
DATE_1484,1,987,983,206,234
DATE_0229,1,988,984,206,234
DATE_0376,1,989,985,206,234
DATE_2195,1,990,986,206,234
DATE_0089,1,991,987,206,234
DATE_0675,1,992,988,206,234
DATE_2369,1,993,989,206,234
DATE_1858,1,994,990,206,234
DATE_1522,1,995,991,206,234
DATE_1690,1,996,992,206,234
DATE_0736,1,997,993,206,234
DATE_0365,1,998,994,206,234
DATE_0009,1,999,995,206,234
DATE_0147,1,1000,996,206,234
DATE_1246,1,1001,997,206,234
DATE_2160,1,1002,998,206,234
DATE_0357,1,1003,999,206,234
DATE_0525,1,1004,1000,66,4
DATE_2465,1,1005,1001,206,234
DATE_1504,1,1006,1002,206,234
DATE_0934,1,1007,1003,206,234
DATE_0809,1,1008,1004,136,24
DATE_2497,1,1009,1005,276,1234
DATE_2452,1,1010,1006,276,1234
DATE_1040,1,1011,1007,276,1234
DATE_0432,1,1012,1008,276,1234
DATE_2202,1,1013,1009,276,1234
DATE_1481,1,1014,1010,206,234
DATE_2002,1,1015,1011,276,1234
DATE_0144,1,1016,1012,276,1234
DATE_1932,1,1017,1013,276,1234
DATE_0762,1,1018,1014,276,1234
DATE_1315,1,1019,1015,276,1234
DATE_0278,1,1020,1016,276,1234
DATE_0710,1,1021,1017,276,1234
DATE_1099,1,1022,1018,276,1234
DATE_0801,1,1023,1019,276,1234
DATE_1270,1,1024,1020,276,1234
DATE_0115,1,1025,1021,276,1234
DATE_1616,1,1026,1022,276,1234
DATE_2089,1,1027,1023,276,1234
DATE_0059,1,1028,1024,276,1234
DATE_1534,1,1029,1025,276,1234
DATE_0886,1,1030,1026,276,1234
DATE_1878,1,1031,1027,276,1234
DATE_1948,1,1032,1028,276,1234
DATE_0110,1,1033,1029,276,1234
DATE_1607,1,1034,1030,276,1234
DATE_0359,1,1035,1031,276,1234
DATE_1845,1,1036,1032,276,1234
DATE_1034,1,1037,1033,206,234
DATE_2337,1,1038,1034,276,1234
DATE_0978,1,1039,1035,70,1
DATE_2460,1,1040,1036,140,13
DATE_1142,1,1041,1037,210,123
DATE_1816,1,1042,1038,210,123
DATE_0486,1,1043,1039,210,123
DATE_1870,1,1044,1040,276,1234
DATE_1706,1,1045,1041,276,1234
DATE_0142,1,1046,1042,276,1234
DATE_0085,1,1047,1043,276,1234
DATE_0451,1,1048,1044,276,1234
DATE_2213,1,1049,1045,206,124
DATE_1109,1,1050,1046,276,1234
DATE_2030,1,1051,1047,276,1234
DATE_0721,1,1052,1048,276,1234
DATE_1461,1,1053,1049,276,1234
DATE_1792,1,1054,1050,276,1234
DATE_0233,1,1055,1051,276,1234
DATE_2389,1,1056,1052,276,1234
DATE_1950,1,1057,1053,276,1234
DATE_1702,1,1058,1054,276,1234
DATE_1056,1,1059,1055,276,1234
DATE_1611,1,1060,1056,276,1234
DATE_1174,1,1061,1057,276,1234
DATE_0596,1,1062,1058,276,1234
DATE_0765,1,1063,1059,276,1234
DATE_2467,1,1064,1060,206,234
DATE_0398,1,1065,1061,276,1234
DATE_0549,1,1066,1062,276,1234
DATE_0014,1,1067,1063,276,1234
DATE_2494,1,1068,1064,276,1234
DATE_2032,1,1069,1065,276,1234
DATE_1084,1,1070,1066,276,1234
DATE_0844,1,1071,1067,276,1234
DATE_0743,1,1072,1068,276,1234
DATE_0037,1,1073,1069,206,134
DATE_0446,1,1074,1070,140,13
DATE_0052,1,1075,1071,206,134
DATE_1538,1,1076,1072,276,1234
DATE_1021,1,1077,1073,276,1234
DATE_1223,1,1078,1074,276,1234
DATE_1160,1,1079,1075,276,1234
DATE_1503,1,1080,1076,276,1234
DATE_1087,1,1081,1077,276,1234
DATE_2221,1,1082,1078,276,1234
DATE_1566,1,1083,1079,276,1234
DATE_0794,1,1084,1080,276,1234
DATE_0798,1,1085,1081,276,1234
DATE_0674,1,1086,1082,276,1234
DATE_1294,1,1087,1083,276,1234
DATE_0725,1,1088,1084,276,1234
DATE_1196,1,1089,1085,276,1234
DATE_0175,1,1090,1086,276,1234
DATE_1727,1,1091,1087,276,1234
DATE_1821,1,1092,1088,206,234
DATE_0698,1,1093,1089,276,1234
DATE_1453,1,1094,1090,140,23
DATE_0727,1,1095,1091,206,234
DATE_1349,1,1096,1092,136,24
DATE_0509,1,1097,1093,276,1234
DATE_2230,1,1098,1094,276,1234
DATE_2090,1,1099,1095,276,1234
DATE_2274,1,1100,1096,276,1234
DATE_2219,1,1101,1097,276,1234
DATE_1872,1,1102,1098,276,1234
DATE_0235,1,1103,1099,276,1234
DATE_1344,1,1104,1100,276,1234
DATE_2505,1,1105,1101,276,1234
DATE_1285,1,1106,1102,276,1234
DATE_1827,1,1107,1103,276,1234
DATE_2138,1,1108,1104,136,14
DATE_1959,1,1109,1105,276,1234
DATE_1389,1,1110,1106,276,1234
DATE_0987,1,1111,1107,276,1234
DATE_0378,1,1112,1108,276,1234
DATE_0545,1,1113,1109,276,1234
DATE_1565,1,1114,1110,276,1234
DATE_0953,1,1115,1111,276,1234
DATE_1357,1,1116,1112,206,124
DATE_2328,1,1117,1113,276,1234
DATE_0415,1,1118,1114,276,1234
DATE_0850,1,1119,1115,276,1234
DATE_0856,1,1120,1116,276,1234
DATE_0067,1,1121,1117,276,1234
DATE_1589,1,1122,1118,276,1234
DATE_0871,1,1123,1119,276,1234
DATE_2184,1,1124,1120,210,123
DATE_2116,1,1125,1121,210,123
DATE_2113,1,1126,1122,140,13
DATE_0731,1,1127,1123,276,1234
DATE_0873,1,1128,1124,276,1234
DATE_2201,1,1129,1125,276,1234
DATE_1890,1,1130,1126,276,1234
DATE_0298,1,1131,1127,276,1234
DATE_1915,1,1132,1128,276,1234
DATE_1224,1,1133,1129,276,1234
DATE_1000,1,1134,1130,276,1234
DATE_0579,1,1135,1131,276,1234
DATE_2248,1,1136,1132,276,1234
DATE_2199,1,1137,1133,206,134
DATE_0903,1,1138,1134,276,1234
DATE_2382,1,1139,1135,276,1234
DATE_0442,1,1140,1136,276,1234
DATE_0081,1,1141,1137,276,1234
DATE_0514,1,1142,1138,276,1234
DATE_1958,1,1143,1139,276,1234
DATE_0068,1,1144,1140,276,1234
DATE_1576,1,1145,1141,276,1234
DATE_0505,1,1146,1142,276,1234
DATE_2186,1,1147,1143,276,1234
DATE_0327,1,1148,1144,276,1234
DATE_1326,1,1149,1145,206,234
DATE_2461,1,1150,1146,276,1234
DATE_0565,1,1151,1147,276,1234
DATE_0111,1,1152,1148,276,1234
DATE_0488,1,1153,1149,276,1234
DATE_1443,1,1154,1150,276,1234
DATE_0304,1,1155,1151,276,1234
DATE_1128,1,1156,1152,276,1234
DATE_1276,1,1157,1153,276,1234
DATE_2115,1,1158,1154,276,1234
DATE_2304,1,1159,1155,276,1234
DATE_1278,1,1160,1156,276,1234
DATE_0371,1,1161,1157,276,1234
DATE_0434,1,1162,1158,276,1234
DATE_1234,1,1163,1159,276,1234
DATE_1391,1,1164,1160,276,1234
DATE_1216,1,1165,1161,276,1234
DATE_2127,1,1166,1162,276,1234
DATE_1324,1,1167,1163,276,1234
DATE_0749,1,1168,1164,276,1234
DATE_1195,1,1169,1165,276,1234
DATE_0453,1,1170,1166,276,1234
DATE_2031,1,1171,1167,276,1234
DATE_2063,1,1172,1168,276,1234
DATE_2303,1,1173,1169,276,1234
DATE_1719,1,1174,1170,276,1234
DATE_2295,1,1175,1171,276,1234
DATE_1648,1,1176,1172,276,1234
DATE_0533,1,1177,1173,276,1234
DATE_2296,1,1178,1174,276,1234
DATE_0353,1,1179,1175,276,1234
DATE_0368,1,1180,1176,276,1234
DATE_1788,1,1181,1177,276,1234
DATE_1348,1,1182,1178,276,1234
DATE_0682,1,1183,1179,276,1234
DATE_0313,1,1184,1180,276,1234
DATE_1896,1,1185,1181,276,1234
DATE_1387,1,1186,1182,276,1234
DATE_2370,1,1187,1183,276,1234
DATE_1489,1,1188,1184,276,1234
DATE_0017,1,1189,1185,276,1234
DATE_1488,1,1190,1186,276,1234
DATE_1219,1,1191,1187,276,1234
DATE_0782,1,1192,1188,276,1234
DATE_0963,1,1193,1189,276,1234
DATE_2417,1,1194,1190,206,234
DATE_1213,1,1195,1191,206,124
DATE_2151,1,1196,1192,140,12
DATE_0560,1,1197,1193,210,123
DATE_2377,1,1198,1194,276,1234
DATE_2181,1,1199,1195,276,1234
DATE_1765,1,1200,1196,276,1234
DATE_2482,1,1201,1197,276,1234
DATE_1683,1,1202,1198,140,13
DATE_1208,1,1203,1199,210,123
DATE_0726,1,1204,1200,210,123
DATE_1949,1,1205,1201,210,123
DATE_0250,1,1206,1202,210,123
DATE_0088,1,1207,1203,276,1234
DATE_0255,1,1208,1204,206,234
DATE_2233,1,1209,1205,276,1234
DATE_0334,1,1210,1206,276,1234
DATE_2095,1,1211,1207,276,1234
DATE_1668,1,1212,1208,276,1234
DATE_2137,1,1213,1209,276,1234
DATE_0607,1,1214,1210,276,1234
DATE_1441,1,1215,1211,276,1234
DATE_1606,1,1216,1212,276,1234
DATE_1159,1,1217,1213,276,1234
DATE_0991,1,1218,1214,276,1234
DATE_2481,1,1219,1215,276,1234
DATE_2373,1,1220,1216,276,1234
DATE_1400,1,1221,1217,276,1234
DATE_1906,1,1222,1218,276,1234
DATE_0443,1,1223,1219,276,1234
DATE_1838,1,1224,1220,276,1234
DATE_0522,1,1225,1221,206,234
DATE_1192,1,1226,1222,276,1234
DATE_0306,1,1227,1223,276,1234
DATE_1371,1,1228,1224,276,1234
DATE_0350,1,1229,1225,276,1234
DATE_0948,1,1230,1226,276,1234
DATE_2086,1,1231,1227,276,1234
DATE_0638,1,1232,1228,276,1234
DATE_2449,1,1233,1229,276,1234
DATE_1406,1,1234,1230,276,1234
DATE_1550,1,1235,1231,276,1234
DATE_1570,1,1236,1232,276,1234
DATE_1390,1,1237,1233,276,1234
DATE_1395,1,1238,1234,276,1234
DATE_1405,1,1239,1235,206,234
DATE_1319,1,1240,1236,276,1234
DATE_2058,1,1241,1237,276,1234
DATE_0452,1,1242,1238,276,1234
DATE_1386,1,1243,1239,276,1234
DATE_0062,1,1244,1240,276,1234
DATE_1398,1,1245,1241,276,1234
DATE_1444,1,1246,1242,276,1234
DATE_0174,1,1247,1243,276,1234
DATE_0550,1,1248,1244,276,1234
DATE_1133,1,1249,1245,276,1234
DATE_0612,1,1250,1246,276,1234
DATE_0245,1,1251,1247,276,1234
DATE_0465,1,1252,1248,276,1234
DATE_2395,1,1253,1249,276,1234
DATE_2354,1,1254,1250,276,1234
DATE_1019,1,1255,1251,276,1234
DATE_2368,1,1256,1252,276,1234
DATE_0411,1,1257,1253,276,1234
DATE_0109,1,1258,1254,276,1234
DATE_0717,1,1259,1255,276,1234
DATE_0425,1,1260,1256,276,1234
DATE_1222,1,1261,1257,206,234
DATE_0227,1,1262,1258,276,1234
DATE_0028,1,1263,1259,206,134
DATE_1995,1,1264,1260,276,1234
DATE_1228,1,1265,1261,276,1234
DATE_0602,1,1266,1262,276,1234
DATE_1759,1,1267,1263,136,24
DATE_2472,1,1268,1264,140,23
DATE_2128,1,1269,1265,276,1234
DATE_1329,1,1270,1266,276,1234
DATE_2046,1,1271,1267,276,1234
DATE_0707,1,1272,1268,276,1234
DATE_2143,1,1273,1269,206,234
DATE_1804,1,1274,1270,276,1234
DATE_1423,1,1275,1271,276,1234
DATE_2079,1,1276,1272,276,1234
DATE_0477,1,1277,1273,276,1234
DATE_0318,1,1278,1274,276,1234
DATE_1499,1,1279,1275,276,1234
DATE_1926,1,1280,1276,276,1234
DATE_2052,1,1281,1277,276,1234
DATE_2453,1,1282,1278,276,1234
DATE_0969,1,1283,1279,276,1234
DATE_1072,1,1284,1280,276,1234
DATE_2324,1,1285,1281,276,1234
DATE_0541,1,1286,1282,276,1234
DATE_1980,1,1287,1283,276,1234
DATE_1273,1,1288,1284,276,1234
DATE_2005,1,1289,1285,276,1234
DATE_1435,1,1290,1286,140,12
DATE_2280,1,1291,1287,70,1
DATE_0064,1,1292,1288,70,1
DATE_0084,1,1293,1289,210,123
DATE_2380,1,1294,1290,210,123
DATE_1458,1,1295,1291,276,1234
DATE_2164,1,1296,1292,276,1234
DATE_0472,1,1297,1293,206,234
DATE_0280,1,1298,1294,276,1234
DATE_2476,1,1299,1295,276,1234
DATE_1628,1,1300,1296,276,1234
DATE_2029,1,1301,1297,276,1234
DATE_2515,1,1302,1298,276,1234
DATE_0102,1,1303,1299,276,1234
DATE_0019,1,1304,1300,276,1234
DATE_2048,1,1305,1301,276,1234
DATE_1466,1,1306,1302,276,1234
DATE_1517,1,1307,1303,276,1234
DATE_0813,1,1308,1304,276,1234
DATE_0890,1,1309,1305,206,124
DATE_0751,1,1310,1306,276,1234
DATE_0016,1,1311,1307,276,1234
DATE_2384,1,1312,1308,276,1234
DATE_2407,1,1313,1309,276,1234
DATE_0578,1,1314,1310,276,1234
DATE_0360,1,1315,1311,276,1234
DATE_1960,1,1316,1312,276,1234
DATE_1847,1,1317,1313,276,1234
DATE_0129,1,1318,1314,276,1234
DATE_0908,1,1319,1315,276,1234
DATE_1495,1,1320,1316,276,1234
DATE_0676,1,1321,1317,276,1234
DATE_2475,1,1322,1318,276,1234
DATE_0737,1,1323,1319,206,234
DATE_1851,1,1324,1320,276,1234
DATE_1343,1,1325,1321,276,1234
DATE_2348,1,1326,1322,276,1234
DATE_0940,1,1327,1323,276,1234
DATE_1671,1,1328,1324,276,1234
DATE_1366,1,1329,1325,276,1234
DATE_1614,1,1330,1326,276,1234
DATE_1732,1,1331,1327,276,1234
DATE_1498,1,1332,1328,276,1234
DATE_1346,1,1333,1329,210,123
DATE_0507,1,1334,1330,140,13
DATE_1772,1,1335,1331,276,1234
DATE_0802,1,1336,1332,276,1234
DATE_0073,1,1337,1333,276,1234
DATE_0473,1,1338,1334,276,1234
DATE_2300,1,1339,1335,276,1234
DATE_0188,1,1340,1336,276,1234
DATE_1074,1,1341,1337,276,1234
DATE_1596,1,1342,1338,276,1234
DATE_0459,1,1343,1339,276,1234
DATE_1303,1,1344,1340,276,1234
DATE_1793,1,1345,1341,276,1234
DATE_1879,1,1346,1342,276,1234
DATE_0259,1,1347,1343,206,134
DATE_1979,1,1348,1344,206,134
DATE_0499,1,1349,1345,276,1234
DATE_0438,1,1350,1346,276,1234
DATE_1204,1,1351,1347,276,1234
DATE_0640,1,1352,1348,206,234
DATE_2025,1,1353,1349,140,13
DATE_1138,1,1354,1350,206,234
DATE_0269,1,1355,1351,206,234
DATE_0196,1,1356,1352,136,24
DATE_1073,1,1357,1353,276,1234
DATE_1953,1,1358,1354,276,1234
DATE_1556,1,1359,1355,136,14
DATE_0065,1,1360,1356,276,1234
DATE_1256,1,1361,1357,276,1234
DATE_2011,1,1362,1358,276,1234
DATE_0747,1,1363,1359,276,1234
DATE_2512,1,1364,1360,276,1234
DATE_0314,1,1365,1361,276,1234
DATE_0392,1,1366,1362,276,1234
DATE_0388,1,1367,1363,276,1234
DATE_1703,1,1368,1364,276,1234
DATE_0143,1,1369,1365,276,1234
DATE_1462,1,1370,1366,276,1234
DATE_0159,1,1371,1367,276,1234
DATE_1139,1,1372,1368,276,1234
DATE_1513,1,1373,1369,276,1234
DATE_2065,1,1374,1370,276,1234
DATE_0225,1,1375,1371,276,1234
DATE_0643,1,1376,1372,276,1234
DATE_1310,1,1377,1373,276,1234
DATE_1300,1,1378,1374,70,1
DATE_0572,1,1379,1375,276,1234
DATE_0063,1,1380,1376,276,1234
DATE_1396,1,1381,1377,276,1234
DATE_0015,1,1382,1378,276,1234
DATE_2501,1,1383,1379,276,1234
DATE_2225,1,1384,1380,276,1234
DATE_0101,1,1385,1381,276,1234
DATE_1137,1,1386,1382,276,1234
DATE_2117,1,1387,1383,276,1234
DATE_0108,1,1388,1384,276,1234
DATE_0023,1,1389,1385,276,1234
DATE_1617,1,1390,1386,276,1234
DATE_2439,1,1391,1387,276,1234
DATE_1206,1,1392,1388,276,1234
DATE_0904,1,1393,1389,276,1234
DATE_2035,1,1394,1390,276,1234
DATE_1147,1,1395,1391,276,1234
DATE_2447,1,1396,1392,276,1234
DATE_0253,1,1397,1393,206,134
DATE_2418,1,1398,1394,276,1234
DATE_0534,1,1399,1395,276,1234
DATE_1569,1,1400,1396,276,1234
DATE_1971,1,1401,1397,276,1234
DATE_0171,1,1402,1398,276,1234
DATE_2401,1,1403,1399,276,1234
DATE_0814,1,1404,1400,276,1234
DATE_1311,1,1405,1401,276,1234
DATE_2266,1,1406,1402,276,1234
DATE_1843,1,1407,1403,276,1234
DATE_2156,1,1408,1404,206,234
DATE_1916,1,1409,1405,276,1234
DATE_1771,1,1410,1406,276,1234
DATE_0292,1,1411,1407,276,1234
DATE_2357,1,1412,1408,276,1234
DATE_1557,1,1413,1409,276,1234
DATE_1176,1,1414,1410,276,1234
DATE_1483,1,1415,1411,276,1234
DATE_1382,1,1416,1412,276,1234
DATE_0577,1,1417,1413,276,1234
DATE_0373,1,1418,1414,276,1234
DATE_0753,1,1419,1415,276,1234
DATE_1645,1,1420,1416,276,1234
DATE_0218,1,1421,1417,276,1234
DATE_2206,1,1422,1418,276,1234
DATE_1825,1,1423,1419,276,1234
DATE_0336,1,1424,1420,276,1234
DATE_1284,1,1425,1421,276,1234
DATE_0735,1,1426,1422,276,1234
DATE_1341,1,1427,1423,276,1234
DATE_0342,1,1428,1424,206,124
DATE_1205,1,1429,1425,276,1234
DATE_1653,1,1430,1426,276,1234
DATE_1882,1,1431,1427,276,1234
DATE_2431,1,1432,1428,276,1234
DATE_1594,1,1433,1429,276,1234
DATE_1011,1,1434,1430,276,1234
DATE_0791,1,1435,1431,276,1234
DATE_2187,1,1436,1432,276,1234
DATE_0340,1,1437,1433,276,1234
DATE_2042,1,1438,1434,276,1234
DATE_1233,1,1439,1435,276,1234
DATE_0939,1,1440,1436,276,1234
DATE_2313,1,1441,1437,276,1234
DATE_2486,1,1442,1438,276,1234
DATE_0322,1,1443,1439,276,1234
DATE_0121,1,1444,1440,276,1234
DATE_1143,1,1445,1441,276,1234
DATE_1687,1,1446,1442,276,1234
DATE_2126,1,1447,1443,276,1234
DATE_0474,1,1448,1444,140,12
DATE_0724,1,1449,1445,136,14
DATE_0345,1,1450,1446,276,1234
DATE_1373,1,1451,1447,276,1234
DATE_1372,1,1452,1448,276,1234
DATE_2487,1,1453,1449,206,234
DATE_2170,1,1454,1450,276,1234
DATE_0268,1,1455,1451,276,1234
DATE_0592,1,1456,1452,276,1234
DATE_2416,1,1457,1453,206,234
DATE_0182,1,1458,1454,276,1234
DATE_2239,1,1459,1455,276,1234
DATE_0974,1,1460,1456,276,1234
DATE_1165,1,1461,1457,206,134
DATE_0833,1,1462,1458,276,1234
DATE_1864,1,1463,1459,140,12
DATE_1846,1,1464,1460,210,123
DATE_1721,1,1465,1461,140,13
DATE_1318,1,1466,1462,210,123
DATE_2411,1,1467,1463,210,123
DATE_1320,1,1468,1464,206,234
DATE_1250,1,1469,1465,276,1234
DATE_0713,1,1470,1466,276,1234
DATE_1417,1,1471,1467,276,1234
DATE_1935,1,1472,1468,276,1234
DATE_2506,1,1473,1469,276,1234
DATE_1494,1,1474,1470,276,1234
DATE_0692,1,1475,1471,276,1234
DATE_0812,1,1476,1472,276,1234
DATE_0382,1,1477,1473,276,1234
DATE_2146,1,1478,1474,276,1234
DATE_2502,1,1479,1475,276,1234
DATE_2094,1,1480,1476,276,1234
DATE_0315,1,1481,1477,276,1234
DATE_0287,1,1482,1478,276,1234
DATE_2001,1,1483,1479,276,1234
DATE_1713,1,1484,1480,276,1234
DATE_1283,1,1485,1481,276,1234
DATE_1806,1,1486,1482,206,234
DATE_2343,1,1487,1483,276,1234
DATE_0217,1,1488,1484,276,1234
DATE_1815,1,1489,1485,276,1234
DATE_0049,1,1490,1486,276,1234
DATE_0982,1,1491,1487,276,1234
DATE_0372,1,1492,1488,276,1234
DATE_1754,1,1493,1489,276,1234
DATE_1472,1,1494,1490,276,1234
DATE_1414,1,1495,1491,276,1234
DATE_1096,1,1496,1492,276,1234
DATE_1558,1,1497,1493,276,1234
DATE_0203,1,1498,1494,276,1234
DATE_0230,1,1499,1495,276,1234
DATE_0282,1,1500,1496,206,234
DATE_1826,1,1501,1497,276,1234
DATE_1849,1,1502,1498,276,1234
DATE_2493,1,1503,1499,276,1234
DATE_0516,1,1504,1500,276,1234
DATE_1899,1,1505,1501,276,1234
DATE_1523,1,1506,1502,276,1234
DATE_2109,1,1507,1503,276,1234
DATE_0629,1,1508,1504,276,1234
DATE_2207,1,1509,1505,276,1234
DATE_2158,1,1510,1506,276,1234
DATE_0032,1,1511,1507,276,1234
DATE_1639,1,1512,1508,276,1234
DATE_1537,1,1513,1509,276,1234
DATE_1048,1,1514,1510,276,1234
DATE_1801,1,1515,1511,276,1234
DATE_1625,1,1516,1512,276,1234
DATE_1999,1,1517,1513,276,1234
DATE_0824,1,1518,1514,276,1234
DATE_1378,1,1519,1515,276,1234
DATE_0140,1,1520,1516,276,1234
DATE_1333,1,1521,1517,276,1234
DATE_0618,1,1522,1518,206,234
DATE_0303,1,1523,1519,206,134
DATE_0556,1,1524,1520,206,134
DATE_0352,1,1525,1521,276,1234
DATE_0684,1,1526,1522,276,1234
DATE_0635,1,1527,1523,70,3
DATE_1869,1,1528,1523,206,124
DATE_0838,1,1529,1524,140,23
DATE_2402,1,1530,1525,276,1234
DATE_1269,1,1531,1526,276,1234
DATE_2522,1,1532,1527,276,1234
DATE_0672,1,1533,1528,206,234
DATE_1299,1,1534,1529,276,1234
DATE_0691,1,1535,1530,276,1234
DATE_1597,1,1536,1531,276,1234
DATE_2083,1,1537,1532,276,1234
DATE_1033,1,1538,1533,276,1234
DATE_0892,1,1539,1534,276,1234
DATE_2245,1,1540,1535,276,1234
DATE_0367,1,1541,1536,276,1234
DATE_1059,1,1542,1537,276,1234
DATE_0094,1,1543,1538,70,1
DATE_1814,1,1544,1539,70,1
DATE_0099,1,1545,1540,140,13
DATE_2087,1,1546,1541,210,123
DATE_2440,1,1547,1542,210,123
DATE_0755,1,1548,1543,276,1234
DATE_0763,1,1549,1544,276,1234
DATE_0547,1,1550,1545,276,1234
DATE_0511,1,1551,1546,276,1234
DATE_0055,1,1552,1547,276,1234
DATE_1831,1,1553,1548,276,1234
DATE_0604,1,1554,1549,276,1234
DATE_2026,1,1555,1550,276,1234
DATE_1575,1,1556,1551,276,1234
DATE_1242,1,1557,1552,276,1234
DATE_1188,1,1558,1553,276,1234
DATE_1425,1,1559,1554,276,1234
DATE_1501,1,1560,1555,276,1234
DATE_1156,1,1561,1556,276,1234
DATE_1646,1,1562,1557,276,1234
DATE_2335,1,1563,1558,276,1234
DATE_0261,1,1564,1559,276,1234
DATE_1286,1,1565,1560,276,1234
DATE_1401,1,1566,1561,276,1234
DATE_2013,1,1567,1562,276,1234
DATE_1998,1,1568,1563,276,1234
DATE_0190,1,1569,1564,276,1234
DATE_0351,1,1570,1565,276,1234
DATE_1181,1,1571,1566,206,124
DATE_0380,1,1572,1567,276,1234
DATE_1981,1,1573,1568,276,1234
DATE_0853,1,1574,1569,276,1234
DATE_2037,1,1575,1570,276,1234
DATE_0503,1,1576,1571,276,1234
DATE_1306,1,1577,1572,276,1234
DATE_0714,1,1578,1573,276,1234
DATE_1516,1,1579,1574,276,1234
DATE_0954,1,1580,1575,276,1234
DATE_1913,1,1581,1576,276,1234
DATE_0515,1,1582,1577,276,1234
DATE_0852,1,1583,1578,276,1234
DATE_0517,1,1584,1579,206,234
DATE_1112,1,1585,1580,276,1234
DATE_1515,1,1586,1581,276,1234
DATE_1039,1,1587,1582,276,1234
DATE_0668,1,1588,1583,276,1234
DATE_0148,1,1589,1584,276,1234
DATE_0418,1,1590,1585,276,1234
DATE_2365,1,1591,1586,276,1234
DATE_0828,1,1592,1587,276,1234
DATE_0793,1,1593,1588,210,123
DATE_0538,1,1594,1589,210,123
DATE_1275,1,1595,1590,140,13
DATE_0199,1,1596,1591,276,1234
DATE_0080,1,1597,1592,206,134
DATE_1362,1,1598,1593,206,134
DATE_1786,1,1599,1594,276,1234
DATE_0626,1,1600,1595,206,124
DATE_1583,1,1601,1596,276,1234
DATE_0002,1,1602,1597,276,1234
DATE_0370,1,1603,1598,276,1234
DATE_2383,1,1604,1599,276,1234
DATE_0397,1,1605,1600,276,1234
DATE_1542,1,1606,1601,276,1234
DATE_1193,1,1607,1602,276,1234
DATE_0254,1,1608,1603,276,1234
DATE_1567,1,1609,1604,276,1234
DATE_2504,1,1610,1605,276,1234
DATE_2166,1,1611,1606,276,1234
DATE_0183,1,1612,1607,276,1234
DATE_1404,1,1613,1608,140,23
DATE_1783,1,1614,1608,70,1
DATE_0005,1,1615,1609,276,1234
DATE_2017,1,1616,1610,206,234
DATE_1397,1,1617,1611,206,234
DATE_2141,1,1618,1612,276,1234
DATE_1171,1,1619,1613,276,1234
DATE_1681,1,1620,1614,276,1234
DATE_1574,1,1621,1615,276,1234
DATE_0946,1,1622,1616,276,1234
DATE_1280,1,1623,1617,276,1234
DATE_0381,1,1624,1618,276,1234
DATE_2135,1,1625,1619,276,1234
DATE_0100,1,1626,1620,276,1234
DATE_1659,1,1627,1621,276,1234
DATE_2286,1,1628,1622,276,1234
DATE_2129,1,1629,1623,276,1234
DATE_1210,1,1630,1624,276,1234
DATE_2318,1,1631,1625,276,1234
DATE_0654,1,1632,1626,276,1234
DATE_1046,1,1633,1627,206,124
DATE_0406,1,1634,1628,276,1234
DATE_0872,1,1635,1629,276,1234
DATE_2175,1,1636,1630,276,1234
DATE_1715,1,1637,1631,276,1234
DATE_1747,1,1638,1632,276,1234
DATE_0792,1,1639,1633,276,1234
DATE_2430,1,1640,1634,206,124
DATE_2477,1,1641,1635,276,1234
DATE_2123,1,1642,1636,276,1234
DATE_1107,1,1643,1637,276,1234
DATE_0862,1,1644,1638,276,1234
DATE_0631,1,1645,1639,276,1234
DATE_0770,1,1646,1640,276,1234
DATE_1358,1,1647,1641,276,1234
DATE_1013,1,1648,1642,276,1234
DATE_0075,1,1649,1643,276,1234
DATE_0575,1,1650,1644,276,1234
DATE_2111,1,1651,1645,276,1234
DATE_0529,1,1652,1646,210,123
DATE_1487,1,1653,1647,276,1234
DATE_1145,1,1654,1648,276,1234
DATE_0172,1,1655,1649,276,1234
DATE_1559,1,1656,1650,276,1234
DATE_1518,1,1657,1651,276,1234
DATE_0154,1,1658,1652,206,134
DATE_1029,1,1659,1653,276,1234
DATE_2508,1,1660,1654,276,1234
DATE_0973,1,1661,1655,276,1234
DATE_0931,1,1662,1656,276,1234
DATE_2008,1,1663,1657,276,1234
DATE_1460,1,1664,1658,276,1234
DATE_2162,1,1665,1659,276,1234
DATE_2499,1,1666,1660,276,1234
DATE_1049,1,1667,1661,276,1234
DATE_0239,1,1668,1662,206,234
DATE_0820,1,1669,1663,276,1234
DATE_0200,1,1670,1664,276,1234
DATE_1413,1,1671,1665,276,1234
DATE_0896,1,1672,1666,276,1234
DATE_2361,1,1673,1667,276,1234
DATE_0965,1,1674,1668,276,1234
DATE_1725,1,1675,1669,276,1234
DATE_1572,1,1676,1670,276,1234
DATE_0458,1,1677,1671,276,1234
DATE_1428,1,1678,1672,276,1234
DATE_1455,1,1679,1673,276,1234
DATE_1239,1,1680,1674,276,1234
DATE_1887,1,1681,1675,276,1234
DATE_0760,1,1682,1676,276,1234
DATE_1940,1,1683,1677,276,1234
DATE_1471,1,1684,1678,276,1234
DATE_1740,1,1685,1679,276,1234
DATE_0262,1,1686,1680,276,1234
DATE_1359,1,1687,1681,276,1234
DATE_1114,1,1688,1682,276,1234
DATE_1785,1,1689,1683,276,1234
DATE_0524,1,1690,1684,206,124
DATE_1432,1,1691,1685,276,1234
DATE_1752,1,1692,1686,276,1234
DATE_2088,1,1693,1687,276,1234
DATE_1920,1,1694,1688,276,1234
DATE_0894,1,1695,1689,276,1234
DATE_2315,1,1696,1690,276,1234
DATE_2327,1,1697,1691,276,1234
DATE_1496,1,1698,1692,276,1234
DATE_0627,1,1699,1693,276,1234
DATE_2000,1,1700,1694,276,1234
DATE_0363,1,1701,1695,276,1234
DATE_1402,1,1702,1696,276,1234
DATE_1088,1,1703,1697,276,1234
DATE_1265,1,1704,1698,276,1234
DATE_1769,1,1705,1699,276,1234
DATE_1773,1,1706,1700,276,1234
DATE_1376,1,1707,1701,276,1234
DATE_0293,1,1708,1702,276,1234
DATE_2067,1,1709,1703,276,1234
DATE_1963,1,1710,1704,276,1234
DATE_0232,1,1711,1705,276,1234
DATE_1091,1,1712,1706,276,1234
DATE_0776,1,1713,1707,206,234
DATE_0324,1,1714,1708,276,1234
DATE_1696,1,1715,1709,276,1234
DATE_0319,1,1716,1710,276,1234
DATE_1779,1,1717,1711,276,1234
DATE_1212,1,1718,1712,276,1234
DATE_1586,1,1719,1713,276,1234
DATE_1261,1,1720,1714,276,1234
DATE_2215,1,1721,1715,276,1234
DATE_0882,1,1722,1716,276,1234
DATE_0554,1,1723,1717,70,1
DATE_0741,1,1724,1718,140,13
DATE_2203,1,1725,1719,140,12
DATE_1862,1,1726,1720,210,123
DATE_1888,1,1727,1721,210,123
DATE_1470,1,1728,1722,206,234
DATE_0633,1,1729,1723,276,1234
DATE_1345,1,1730,1724,276,1234
DATE_1962,1,1731,1725,276,1234
DATE_0369,1,1732,1726,276,1234
DATE_0341,1,1733,1727,276,1234
DATE_0249,1,1734,1728,276,1234
DATE_2307,1,1735,1729,276,1234
DATE_1148,1,1736,1730,276,1234
DATE_0036,1,1737,1731,276,1234
DATE_1601,1,1738,1732,276,1234
DATE_0918,1,1739,1733,206,134
DATE_0615,1,1740,1734,276,1234
DATE_2414,1,1741,1735,276,1234
DATE_2388,1,1742,1736,276,1234
DATE_1753,1,1743,1737,276,1234
DATE_0825,1,1744,1738,276,1234
DATE_2096,1,1745,1739,276,1234
DATE_1813,1,1746,1740,276,1234
DATE_1052,1,1747,1741,276,1234
DATE_1744,1,1748,1742,276,1234
DATE_1482,1,1749,1743,276,1234
DATE_1685,1,1750,1744,276,1234
DATE_0379,1,1751,1745,276,1234
DATE_0584,1,1752,1746,276,1234
DATE_1989,1,1753,1747,276,1234
DATE_1976,1,1754,1748,276,1234
DATE_0521,1,1755,1749,276,1234
DATE_2154,1,1756,1750,276,1234
DATE_0364,1,1757,1751,276,1234
DATE_0594,1,1758,1752,276,1234
DATE_2484,1,1759,1753,276,1234
DATE_1502,1,1760,1754,276,1234
DATE_0645,1,1761,1755,276,1234
DATE_0915,1,1762,1756,206,234
DATE_0780,1,1763,1757,276,1234
DATE_0757,1,1764,1758,276,1234
DATE_2428,1,1765,1759,276,1234
DATE_1974,1,1766,1760,276,1234
DATE_1416,1,1767,1761,276,1234
DATE_2409,1,1768,1762,276,1234
DATE_0157,1,1769,1763,276,1234
DATE_1990,1,1770,1764,276,1234
DATE_1742,1,1771,1765,276,1234
DATE_0854,1,1772,1766,276,1234
DATE_1893,1,1773,1767,276,1234
DATE_1296,1,1774,1768,276,1234
DATE_1253,1,1775,1769,276,1234
DATE_2188,1,1776,1770,276,1234
DATE_1941,1,1777,1771,276,1234
DATE_1520,1,1778,1772,276,1234
DATE_2050,1,1779,1773,276,1234
DATE_0070,1,1780,1774,206,124
DATE_2334,1,1781,1775,276,1234
DATE_2241,1,1782,1776,276,1234
DATE_2261,1,1783,1777,206,234
DATE_2490,1,1784,1778,136,14
DATE_1485,1,1785,1779,206,134
DATE_0103,1,1786,1780,276,1234
DATE_1268,1,1787,1781,276,1234
DATE_1587,1,1788,1782,136,24
DATE_0647,1,1789,1783,140,23
DATE_1921,1,1790,1784,140,23
DATE_2371,1,1791,1785,276,1234
DATE_0537,1,1792,1786,276,1234
DATE_1803,1,1793,1787,276,1234
DATE_1802,1,1794,1788,276,1234
DATE_2257,1,1795,1789,276,1234
DATE_2363,1,1796,1790,276,1234
DATE_2329,1,1797,1791,206,234
DATE_0305,1,1798,1792,276,1234
DATE_1884,1,1799,1793,276,1234
DATE_0176,1,1800,1794,276,1234
DATE_1170,1,1801,1795,276,1234
DATE_1724,1,1802,1796,276,1234
DATE_1360,1,1803,1797,276,1234
DATE_2121,1,1804,1798,276,1234
DATE_2459,1,1805,1799,276,1234
DATE_0553,1,1806,1800,276,1234
DATE_2406,1,1807,1801,276,1234
DATE_0390,1,1808,1802,276,1234
DATE_0202,1,1809,1803,276,1234
DATE_1892,1,1810,1804,276,1234
DATE_1973,1,1811,1805,276,1234
DATE_0228,1,1812,1806,276,1234
DATE_1526,1,1813,1807,276,1234
DATE_0910,1,1814,1808,276,1234
DATE_1903,1,1815,1809,276,1234
DATE_0746,1,1816,1810,276,1234
DATE_0679,1,1817,1811,140,13
DATE_2308,1,1818,1812,140,13
DATE_1102,1,1819,1813,210,123
DATE_0326,1,1820,1814,210,123
DATE_0628,1,1821,1815,276,1234
DATE_0097,1,1822,1816,276,1234
DATE_1113,1,1823,1817,276,1234
DATE_1794,1,1824,1818,276,1234
DATE_0120,1,1825,1819,276,1234
DATE_0510,1,1826,1820,276,1234
DATE_1774,1,1827,1821,276,1234
DATE_0865,1,1828,1822,276,1234
DATE_1419,1,1829,1823,276,1234
DATE_0168,1,1830,1824,206,124
DATE_1609,1,1831,1825,276,1234
DATE_1071,1,1832,1826,276,1234
DATE_0600,1,1833,1827,276,1234
DATE_0383,1,1834,1828,276,1234
DATE_0518,1,1835,1829,276,1234
DATE_0941,1,1836,1830,276,1234
DATE_1463,1,1837,1831,276,1234
DATE_1954,1,1838,1832,276,1234
DATE_0482,1,1839,1833,276,1234
DATE_1796,1,1840,1834,276,1234
DATE_0167,1,1841,1835,276,1234
DATE_1933,1,1842,1836,276,1234
DATE_0265,1,1843,1837,206,234
DATE_1426,1,1844,1838,276,1234
DATE_0308,1,1845,1839,276,1234
DATE_2070,1,1846,1840,276,1234
DATE_2485,1,1847,1841,276,1234
DATE_2033,1,1848,1842,276,1234
DATE_0421,1,1849,1843,276,1234
DATE_2478,1,1850,1844,206,134
DATE_0206,1,1851,1845,206,134
DATE_2432,1,1852,1846,276,1234
DATE_2355,1,1853,1847,276,1234
DATE_2150,1,1854,1848,140,13
DATE_0609,1,1855,1849,210,123
DATE_1580,1,1856,1850,276,1234
DATE_1199,1,1857,1851,276,1234
DATE_1016,1,1858,1852,276,1234
DATE_2405,1,1859,1853,276,1234
DATE_0290,1,1860,1854,276,1234
DATE_1006,1,1861,1855,276,1234
DATE_1657,1,1862,1856,276,1234
DATE_0544,1,1863,1857,276,1234
DATE_1132,1,1864,1858,276,1234
DATE_1012,1,1865,1859,276,1234
DATE_0240,1,1866,1860,276,1234
DATE_1644,1,1867,1861,276,1234
DATE_0437,1,1868,1862,276,1234
DATE_0632,1,1869,1863,276,1234
DATE_1820,1,1870,1864,276,1234
DATE_1218,1,1871,1865,140,23
DATE_0450,1,1872,1866,210,123
DATE_1302,1,1873,1867,70,1
DATE_0286,1,1874,1868,276,1234
DATE_1876,1,1875,1869,206,234
DATE_0781,1,1876,1870,206,234
DATE_1017,1,1877,1871,276,1234
DATE_0332,1,1878,1872,276,1234
DATE_1321,1,1879,1873,276,1234
DATE_0950,1,1880,1874,276,1234
DATE_1967,1,1881,1875,276,1234
DATE_1454,1,1882,1876,276,1234
DATE_2071,1,1883,1877,276,1234
DATE_0449,1,1884,1878,276,1234
DATE_2435,1,1885,1879,136,14
DATE_2098,1,1886,1880,276,1234
DATE_1330,1,1887,1881,276,1234
DATE_2372,1,1888,1882,276,1234
DATE_0125,1,1889,1883,276,1234
DATE_0430,1,1890,1884,276,1234
DATE_0096,1,1891,1885,276,1234
DATE_0650,1,1892,1886,276,1234
DATE_1480,1,1893,1887,276,1234
DATE_0591,1,1894,1888,276,1234
DATE_0666,1,1895,1889,276,1234
DATE_1853,1,1896,1890,276,1234
DATE_0748,1,1897,1891,276,1234
DATE_2131,1,1898,1892,276,1234
DATE_0069,1,1899,1893,206,124
DATE_1519,1,1900,1894,276,1234
DATE_1745,1,1901,1895,210,123
DATE_0693,1,1902,1896,210,123
DATE_1001,1,1903,1897,140,13
DATE_0358,1,1904,1898,276,1234
DATE_1928,1,1905,1899,276,1234
DATE_0566,1,1906,1900,276,1234
DATE_0555,1,1907,1901,276,1234
DATE_0419,1,1908,1902,276,1234
DATE_0831,1,1909,1903,276,1234
DATE_1677,1,1910,1904,276,1234
DATE_0968,1,1911,1905,276,1234
DATE_1602,1,1912,1906,276,1234
DATE_1800,1,1913,1907,276,1234
DATE_0767,1,1914,1908,276,1234
DATE_0184,1,1915,1909,276,1234
DATE_1934,1,1916,1910,206,134
DATE_1258,1,1917,1911,276,1234
DATE_1220,1,1918,1912,276,1234
DATE_2034,1,1919,1913,276,1234
DATE_0951,1,1920,1914,276,1234
DATE_0548,1,1921,1915,276,1234
DATE_0623,1,1922,1916,276,1234
DATE_0729,1,1923,1917,276,1234
DATE_0424,1,1924,1918,276,1234
DATE_1600,1,1925,1919,276,1234
DATE_0992,1,1926,1920,206,234
DATE_0149,1,1927,1921,276,1234
DATE_0478,1,1928,1922,276,1234
DATE_0677,1,1929,1923,276,1234
DATE_0238,1,1930,1924,276,1234
DATE_1716,1,1931,1925,276,1234
DATE_1442,1,1932,1926,276,1234
DATE_2240,1,1933,1927,276,1234
DATE_2167,1,1934,1928,276,1234
DATE_0001,1,1935,1929,276,1234
DATE_0404,1,1936,1930,276,1234
DATE_1267,1,1937,1931,276,1234
DATE_1380,1,1938,1932,276,1234
DATE_1115,1,1939,1933,276,1234
DATE_1097,1,1940,1934,276,1234
DATE_2516,1,1941,1935,276,1234
DATE_0328,1,1942,1936,276,1234
DATE_0407,1,1943,1937,276,1234
DATE_0107,1,1944,1938,276,1234
DATE_2185,1,1945,1939,276,1234
DATE_0029,1,1946,1940,276,1234
DATE_1430,1,1947,1941,276,1234
DATE_1757,1,1948,1942,206,134
DATE_1717,1,1949,1943,206,124
DATE_0320,1,1950,1944,276,1234
DATE_0936,1,1951,1945,276,1234
DATE_2045,1,1952,1946,276,1234
DATE_2400,1,1953,1947,276,1234
DATE_0967,1,1954,1948,276,1234
DATE_1694,1,1955,1949,276,1234
DATE_0165,1,1956,1950,276,1234
DATE_0333,1,1957,1951,276,1234
DATE_0810,1,1958,1952,276,1234
DATE_2038,1,1959,1953,276,1234
DATE_0655,1,1960,1954,276,1234
DATE_0849,1,1961,1955,276,1234
DATE_1262,1,1962,1956,276,1234
DATE_0294,1,1963,1957,276,1234
DATE_1255,1,1964,1958,276,1234
DATE_2072,1,1965,1959,276,1234
DATE_1686,1,1966,1960,276,1234
DATE_1422,1,1967,1961,276,1234
DATE_1868,1,1968,1962,276,1234
DATE_1728,1,1969,1963,276,1234
DATE_1127,1,1970,1964,276,1234
DATE_2397,1,1971,1965,206,234
DATE_2470,1,1972,1966,276,1234
DATE_2021,1,1973,1967,206,124
DATE_1711,1,1974,1968,140,12
DATE_1227,1,1975,1969,206,234
DATE_2268,1,1976,1969,70,1
DATE_2103,1,1977,1970,276,1234
DATE_1680,1,1978,1971,276,1234
DATE_2179,1,1979,1972,276,1234
DATE_2256,1,1980,1973,276,1234
DATE_2468,1,1981,1974,276,1234
DATE_1632,1,1982,1975,140,13
DATE_1735,1,1983,1976,210,123
DATE_1767,1,1984,1977,140,12
DATE_2319,1,1985,1978,210,123
DATE_2290,1,1986,1979,210,123
DATE_0984,1,1987,1980,276,1234
DATE_1573,1,1988,1981,206,124
DATE_0504,1,1989,1982,276,1234
DATE_1748,1,1990,1983,276,1234
DATE_1297,1,1991,1984,136,34
DATE_0656,1,1992,1985,276,1234
DATE_1760,1,1993,1986,276,1234
DATE_0861,1,1994,1987,276,1234
DATE_0887,1,1995,1988,276,1234
DATE_0761,1,1996,1989,276,1234
DATE_0867,1,1997,1990,276,1234
DATE_2271,1,1998,1991,276,1234
DATE_0911,1,1999,1992,276,1234
DATE_1207,1,2000,1993,276,1234
DATE_1468,1,2001,1994,276,1234
DATE_1635,1,2002,1995,276,1234
DATE_1075,1,2003,1996,276,1234
DATE_2312,1,2004,1997,276,1234
DATE_0637,1,2005,1998,276,1234
DATE_2059,1,2006,1999,206,234
DATE_0339,1,2007,2000,276,1234
DATE_0026,1,2008,2001,276,1234
DATE_1312,1,2009,2002,276,1234
DATE_0257,1,2010,2003,276,1234
DATE_0508,1,2011,2004,276,1234
DATE_1552,1,2012,2005,276,1234
DATE_1819,1,2013,2006,276,1234
DATE_1023,1,2014,2007,276,1234
DATE_1339,1,2015,2008,276,1234
DATE_1930,1,2016,2009,276,1234
DATE_0702,1,2017,2010,276,1234
DATE_0947,1,2018,2011,276,1234
DATE_1961,1,2019,2012,276,1234
DATE_2272,1,2020,2013,276,1234
DATE_1272,1,2021,2014,276,1234
DATE_1045,1,2022,2015,276,1234
DATE_1844,1,2023,2016,276,1234
DATE_1161,1,2024,2017,276,1234
DATE_1592,1,2025,2018,276,1234
DATE_1554,1,2026,2019,276,1234
DATE_0928,1,2027,2020,276,1234
DATE_1385,1,2028,2021,276,1234
DATE_0285,1,2029,2022,276,1234
DATE_1403,1,2030,2023,276,1234
DATE_2507,1,2031,2024,276,1234
DATE_2196,1,2032,2025,276,1234
DATE_0712,1,2033,2026,276,1234
DATE_0179,1,2034,2027,276,1234
DATE_2075,1,2035,2028,276,1234
DATE_1247,1,2036,2029,276,1234
DATE_2144,1,2037,2030,276,1234
DATE_0589,1,2038,2031,276,1234
DATE_2415,1,2039,2032,276,1234
DATE_1151,1,2040,2033,276,1234
DATE_1301,1,2041,2034,206,234
DATE_2211,1,2042,2035,276,1234
DATE_1985,1,2043,2036,136,14
DATE_2433,1,2044,2037,206,134
DATE_1546,1,2045,2038,276,1234
DATE_2255,1,2046,2039,276,1234
DATE_1437,1,2047,2040,136,24
DATE_0460,1,2048,2041,206,234
DATE_1123,1,2049,2042,206,234
DATE_0248,1,2050,2043,276,1234
DATE_0895,1,2051,2044,276,1234
DATE_1340,1,2052,2045,276,1234
DATE_1368,1,2053,2046,276,1234
DATE_1599,1,2054,2047,276,1234
DATE_1081,1,2055,2048,206,234
DATE_1295,1,2056,2049,276,1234
DATE_0998,1,2057,2050,276,1234
DATE_1214,1,2058,2051,276,1234
DATE_2297,1,2059,2052,276,1234
DATE_0531,1,2060,2053,276,1234
DATE_1179,1,2061,2054,276,1234
DATE_1225,1,2062,2055,276,1234
DATE_2385,1,2063,2056,276,1234
DATE_1098,1,2064,2057,276,1234
DATE_0673,1,2065,2058,276,1234
DATE_2183,1,2066,2059,276,1234
DATE_2024,1,2067,2060,276,1234
DATE_0093,1,2068,2061,206,124
DATE_2006,1,2069,2062,70,1
DATE_0060,1,2070,2063,140,13
DATE_0913,1,2071,2064,210,123
DATE_0970,1,2072,2065,210,123
DATE_0907,1,2073,2066,210,123
DATE_1177,1,2074,2067,276,1234
DATE_2394,1,2075,2068,276,1234
DATE_0323,1,2076,2069,206,234
DATE_0043,1,2077,2070,276,1234
DATE_2264,1,2078,2071,276,1234
DATE_0634,1,2079,2072,276,1234
DATE_0495,1,2080,2073,276,1234
DATE_1598,1,2081,2074,276,1234
DATE_1007,1,2082,2075,276,1234
DATE_2322,1,2083,2076,276,1234
DATE_2339,1,2084,2077,276,1234
DATE_0641,1,2085,2078,276,1234
DATE_1152,1,2086,2079,276,1234
DATE_1347,1,2087,2080,276,1234
DATE_1393,1,2088,2081,276,1234
DATE_2462,1,2089,2082,276,1234
DATE_2149,1,2090,2083,276,1234
DATE_0539,1,2091,2084,276,1234
DATE_2122,1,2092,2085,276,1234
DATE_2204,1,2093,2086,276,1234
DATE_1086,1,2094,2087,276,1234
DATE_1689,1,2095,2088,276,1234
DATE_1871,1,2096,2089,276,1234
DATE_0490,1,2097,2090,276,1234
DATE_2262,1,2098,2091,276,1234
DATE_1005,1,2099,2092,276,1234
DATE_1720,1,2100,2093,276,1234
DATE_0455,1,2101,2094,276,1234
DATE_2081,1,2102,2095,276,1234
DATE_1370,1,2103,2096,276,1234
DATE_1579,1,2104,2097,206,234
DATE_2342,1,2105,2098,276,1234
DATE_1613,1,2106,2099,276,1234
DATE_1379,1,2107,2100,276,1234
DATE_0074,1,2108,2101,276,1234
DATE_1364,1,2109,2102,276,1234
DATE_2210,1,2110,2103,276,1234
DATE_1895,1,2111,2104,276,1234
DATE_1200,1,2112,2105,276,1234
DATE_2349,1,2113,2106,276,1234
DATE_1545,1,2114,2107,276,1234
DATE_2362,1,2115,2108,210,123
DATE_1185,1,2116,2109,276,1234
DATE_0848,1,2117,2110,276,1234
DATE_1317,1,2118,2111,276,1234
DATE_0476,1,2119,2112,276,1234
DATE_1325,1,2120,2113,276,1234
DATE_0252,1,2121,2114,276,1234
DATE_2197,1,2122,2115,276,1234
DATE_0530,1,2123,2116,276,1234
DATE_1629,1,2124,2117,206,134
DATE_0906,1,2125,2118,206,134
DATE_0256,1,2126,2119,276,1234
DATE_1529,1,2127,2120,276,1234
DATE_1186,1,2128,2121,276,1234
DATE_1938,1,2129,2122,276,1234
DATE_1431,1,2130,2123,276,1234
DATE_2488,1,2131,2124,206,234
DATE_1067,1,2132,2125,276,1234
DATE_1561,1,2133,2126,210,123
DATE_0996,1,2134,2127,136,24
DATE_1121,1,2135,2128,66,4
DATE_2209,1,2136,2129,276,1234
DATE_1807,1,2137,2130,276,1234
DATE_0739,1,2138,2131,276,1234
DATE_0387,1,2139,2132,276,1234
DATE_1860,1,2140,2133,276,1234
DATE_0819,1,2141,2134,276,1234
DATE_2194,1,2142,2135,276,1234
DATE_1164,1,2143,2136,276,1234
DATE_0619,1,2144,2137,276,1234
DATE_2222,1,2145,2138,276,1234
DATE_0734,1,2146,2139,276,1234
DATE_2281,1,2147,2140,276,1234
DATE_0463,1,2148,2141,276,1234
DATE_0799,1,2149,2142,276,1234
DATE_2232,1,2150,2143,276,1234
DATE_1244,1,2151,2144,276,1234
DATE_1669,1,2152,2145,276,1234
DATE_0576,1,2153,2146,276,1234
DATE_2145,1,2154,2147,140,13
DATE_2471,1,2155,2148,276,1234
DATE_1729,1,2156,2149,206,124
DATE_0771,1,2157,2150,276,1234
DATE_2007,1,2158,2151,206,124
DATE_0881,1,2159,2152,276,1234
DATE_0540,1,2160,2153,276,1234
DATE_1947,1,2161,2154,276,1234
DATE_2403,1,2162,2155,276,1234
DATE_1992,1,2163,2156,276,1234
DATE_2214,1,2164,2157,276,1234
DATE_0428,1,2165,2158,276,1234
DATE_1316,1,2166,2159,276,1234
DATE_1666,1,2167,2160,276,1234
DATE_2133,1,2168,2161,276,1234
DATE_1237,1,2169,2162,276,1234
DATE_0788,1,2170,2163,276,1234
DATE_1780,1,2171,2164,276,1234
DATE_1103,1,2172,2165,276,1234
DATE_0192,1,2173,2166,276,1234
DATE_1031,1,2174,2167,276,1234
DATE_0082,1,2175,2168,206,134
DATE_1850,1,2176,2169,276,1234
DATE_2360,1,2177,2170,276,1234
DATE_0197,1,2178,2171,276,1234
DATE_1122,1,2179,2172,276,1234
DATE_1182,1,2180,2173,276,1234
DATE_0971,1,2181,2174,276,1234
DATE_1289,1,2182,2175,276,1234
DATE_1640,1,2183,2176,276,1234
DATE_0658,1,2184,2177,276,1234
DATE_0077,1,2185,2178,276,1234
DATE_1857,1,2186,2179,276,1234
DATE_0972,1,2187,2180,276,1234
DATE_0386,1,2188,2181,276,1234
DATE_0427,1,2189,2182,206,234
DATE_1282,1,2190,2183,276,1234
DATE_2263,1,2191,2184,276,1234
DATE_0685,1,2192,2185,276,1234
DATE_1590,1,2193,2186,276,1234
DATE_1914,1,2194,2187,276,1234
DATE_0158,1,2195,2188,276,1234
DATE_0072,1,2196,2189,276,1234
DATE_1043,1,2197,2190,276,1234
DATE_1931,1,2198,2191,276,1234
DATE_0797,1,2199,2192,276,1234
DATE_0056,1,2200,2193,276,1234
DATE_2106,1,2201,2194,276,1234
DATE_2078,1,2202,2195,276,1234
DATE_0919,1,2203,2196,276,1234
DATE_0732,1,2204,2197,276,1234
DATE_0898,1,2205,2198,276,1234
DATE_2469,1,2206,2199,276,1234
DATE_0211,1,2207,2200,276,1234
DATE_0046,1,2208,2201,206,124
DATE_0519,1,2209,2202,276,1234
DATE_1020,1,2210,2203,276,1234
DATE_0930,1,2211,2204,276,1234
DATE_1776,1,2212,2205,276,1234
DATE_0186,1,2213,2206,276,1234
DATE_0845,1,2214,2207,276,1234
DATE_2410,1,2215,2208,276,1234
DATE_0863,1,2216,2209,276,1234
DATE_1478,1,2217,2210,276,1234
DATE_1433,1,2218,2211,276,1234
DATE_0180,1,2219,2212,276,1234
DATE_0583,1,2220,2213,276,1234
DATE_1264,1,2221,2214,276,1234
DATE_1277,1,2222,2215,276,1234
DATE_0348,1,2223,2216,276,1234
DATE_1758,1,2224,2217,140,12
DATE_1929,1,2225,2218,136,14
DATE_0924,1,2226,2219,206,124
DATE_0309,1,2227,2220,276,1234
DATE_1178,1,2228,2221,276,1234
DATE_0338,1,2229,2222,206,234
DATE_1936,1,2230,2223,276,1234
DATE_2120,1,2231,2224,276,1234
DATE_0653,1,2232,2225,276,1234
DATE_2134,1,2233,2226,276,1234
DATE_2311,1,2234,2227,276,1234
DATE_2421,1,2235,2228,206,234
DATE_0054,1,2236,2229,276,1234
DATE_2429,1,2237,2230,276,1234
DATE_1058,1,2238,2231,276,1234
DATE_2114,1,2239,2232,276,1234
DATE_1663,1,2240,2233,276,1234
DATE_1692,1,2241,2234,140,13
DATE_0667,1,2242,2235,140,13
DATE_1369,1,2243,2236,140,12
DATE_0870,1,2244,2237,210,123
DATE_0958,1,2245,2238,210,123
DATE_0937,1,2246,2239,276,1234
DATE_0528,1,2247,2240,206,124
DATE_1412,1,2248,2241,276,1234
DATE_1718,1,2249,2242,206,234
DATE_0402,1,2250,2243,276,1234
DATE_1063,1,2251,2244,276,1234
DATE_1634,1,2252,2245,276,1234
DATE_1383,1,2253,2246,276,1234
DATE_2285,1,2254,2247,276,1234
DATE_1307,1,2255,2248,276,1234
DATE_0266,1,2256,2249,276,1234
DATE_1737,1,2257,2250,276,1234
DATE_2518,1,2258,2251,276,1234
DATE_1491,1,2259,2252,276,1234
DATE_0642,1,2260,2253,276,1234
DATE_1549,1,2261,2254,276,1234
DATE_1077,1,2262,2255,276,1234
DATE_0975,1,2263,2256,276,1234
DATE_0598,1,2264,2257,206,234
DATE_2054,1,2265,2258,276,1234
DATE_0920,1,2266,2259,276,1234
DATE_2424,1,2267,2260,276,1234
DATE_1808,1,2268,2261,276,1234
DATE_2309,1,2269,2262,276,1234
DATE_0562,1,2270,2263,276,1234
DATE_0312,1,2271,2264,276,1234
DATE_2457,1,2272,2265,276,1234
DATE_1259,1,2273,2266,276,1234
DATE_1527,1,2274,2267,276,1234
DATE_0496,1,2275,2268,276,1234
DATE_1236,1,2276,2269,276,1234
DATE_0243,1,2277,2270,276,1234
DATE_0400,1,2278,2271,276,1234
DATE_1085,1,2279,2272,206,234
DATE_1493,1,2280,2273,276,1234
DATE_0207,1,2281,2274,276,1234
DATE_0711,1,2282,2275,276,1234
DATE_0467,1,2283,2276,276,1234
DATE_0231,1,2284,2277,276,1234
DATE_2208,1,2285,2278,276,1234
DATE_1429,1,2286,2279,276,1234
DATE_0922,1,2287,2280,276,1234
DATE_0932,1,2288,2281,276,1234
DATE_0045,1,2289,2282,276,1234
DATE_0581,1,2290,2283,276,1234
DATE_0617,1,2291,2284,276,1234
DATE_1149,1,2292,2285,276,1234
DATE_2147,1,2293,2286,276,1234
DATE_1987,1,2294,2287,276,1234
DATE_0917,1,2295,2288,276,1234
DATE_0393,1,2296,2289,276,1234
DATE_2028,1,2297,2290,276,1234
DATE_0786,1,2298,2291,276,1234
DATE_0050,1,2299,2292,276,1234
DATE_1365,1,2300,2293,206,234
DATE_1241,1,2301,2294,276,1234
DATE_1243,1,2302,2295,136,14
DATE_0639,1,2303,2296,206,134
DATE_0468,1,2304,2297,276,1234
DATE_1338,1,2305,2298,276,1234
DATE_1620,1,2306,2299,136,24
DATE_0542,1,2307,2300,140,23
DATE_1736,1,2308,2301,276,1234
DATE_2270,1,2309,2302,276,1234
DATE_1952,1,2310,2303,276,1234
DATE_2152,1,2311,2304,276,1234
DATE_1124,1,2312,2305,276,1234
DATE_0775,1,2313,2306,206,234
DATE_2491,1,2314,2307,276,1234
DATE_2340,1,2315,2308,276,1234
DATE_2323,1,2316,2309,276,1234
DATE_1119,1,2317,2310,276,1234
DATE_2251,1,2318,2311,276,1234
DATE_1060,1,2319,2312,276,1234
DATE_2010,1,2320,2313,276,1234
DATE_0485,1,2321,2314,276,1234
DATE_0773,1,2322,2315,276,1234
DATE_1266,1,2323,2316,276,1234
DATE_0614,1,2324,2317,276,1234
DATE_1604,1,2325,2318,276,1234
DATE_0204,1,2326,2319,276,1234
DATE_1675,1,2327,2320,276,1234
DATE_2125,1,2328,2321,276,1234
DATE_1972,1,2329,2322,276,1234
DATE_2101,1,2330,2323,276,1234
DATE_0586,1,2331,2324,276,1234
DATE_1787,1,2332,2325,276,1234
DATE_1756,1,2333,2326,276,1234
DATE_2080,1,2334,2327,276,1234
DATE_1540,1,2335,2328,206,234
DATE_0346,1,2336,2329,276,1234
DATE_2082,1,2337,2330,276,1234
DATE_1053,1,2338,2331,276,1234
DATE_1547,1,2339,2332,276,1234
DATE_2423,1,2340,2333,140,12
DATE_0213,1,2341,2334,70,1
DATE_0988,1,2342,2335,70,1
DATE_0448,1,2343,2336,210,123
DATE_0461,1,2344,2337,210,123
DATE_1456,1,2345,2338,276,1234
DATE_0962,1,2346,2339,276,1234
DATE_1240,1,2347,2340,276,1234
DATE_1693,1,2348,2341,276,1234
DATE_1384,1,2349,2342,276,1234
DATE_2521,1,2350,2343,276,1234
DATE_1603,1,2351,2344,276,1234
DATE_1238,1,2352,2345,276,1234
DATE_1440,1,2353,2346,276,1234
DATE_1897,1,2354,2347,276,1234
DATE_1627,1,2355,2348,276,1234
DATE_1146,1,2356,2349,276,1234
DATE_1505,1,2357,2350,276,1234
DATE_1030,1,2358,2351,276,1234
DATE_2220,1,2359,2352,276,1234
DATE_0942,1,2360,2353,276,1234
DATE_0625,1,2361,2354,276,1234
DATE_1636,1,2362,2355,276,1234
DATE_1120,1,2363,2356,276,1234
DATE_0416,1,2364,2357,276,1234
DATE_1842,1,2365,2358,276,1234
DATE_0384,1,2366,2359,276,1234
DATE_2198,1,2367,2360,276,1234
DATE_1777,1,2368,2361,276,1234
DATE_0843,1,2369,2362,276,1234
DATE_1810,1,2370,2363,276,1234
DATE_0985,1,2371,2364,276,1234
DATE_1996,1,2372,2365,206,134
DATE_0212,1,2373,2366,140,13
DATE_1175,1,2374,2367,206,134
DATE_2352,1,2375,2368,276,1234
DATE_0273,1,2376,2369,276,1234
DATE_1313,1,2377,2370,276,1234
DATE_0135,1,2378,2371,276,1234
DATE_1642,1,2379,2372,276,1234
DATE_0624,1,2380,2373,276,1234
DATE_1507,1,2381,2374,276,1234
DATE_0027,1,2382,2375,276,1234
DATE_0151,1,2383,2376,276,1234
DATE_2105,1,2384,2377,276,1234
DATE_2517,1,2385,2378,276,1234
DATE_0766,1,2386,2379,276,1234
DATE_2434,1,2387,2380,276,1234
DATE_1010,1,2388,2381,276,1234
DATE_2378,1,2389,2382,276,1234
DATE_1993,1,2390,2383,206,234
DATE_2353,1,2391,2384,276,1234
DATE_2168,1,2392,2385,206,234
DATE_1623,1,2393,2386,136,24
DATE_0128,1,2394,2387,206,234
DATE_2165,1,2395,2388,276,1234
DATE_1750,1,2396,2389,276,1234
DATE_1054,1,2397,2390,276,1234
DATE_0657,1,2398,2391,276,1234
DATE_0311,1,2399,2392,276,1234
DATE_1125,1,2400,2393,276,1234
DATE_1044,1,2401,2394,276,1234
DATE_0836,1,2402,2395,276,1234
DATE_1169,1,2403,2396,276,1234
DATE_1761,1,2404,2397,276,1234
DATE_0010,1,2405,2398,276,1234
DATE_0343,1,2406,2399,276,1234
DATE_2041,1,2407,2400,136,14
DATE_1641,1,2408,2401,276,1234
DATE_0481,1,2409,2402,276,1234
DATE_0620,1,2410,2403,276,1234
DATE_1009,1,2411,2404,276,1234
DATE_1446,1,2412,2405,276,1234
DATE_0440,1,2413,2406,276,1234
DATE_0665,1,2414,2407,276,1234
DATE_2023,1,2415,2408,276,1234
DATE_0007,1,2416,2409,276,1234
DATE_1332,1,2417,2410,276,1234
DATE_0498,1,2418,2411,276,1234
DATE_0785,1,2419,2412,276,1234
DATE_1619,1,2420,2413,276,1234
DATE_1408,1,2421,2414,276,1234
DATE_2511,1,2422,2415,276,1234
DATE_1141,1,2423,2416,276,1234
DATE_1452,1,2424,2417,276,1234
DATE_0570,1,2425,2418,276,1234
DATE_0126,1,2426,2419,276,1234
DATE_1684,1,2427,2420,210,123
DATE_1709,1,2428,2421,276,1234
DATE_2012,1,2429,2422,276,1234
DATE_0166,1,2430,2423,276,1234
DATE_0513,1,2431,2424,276,1234
DATE_1189,1,2432,2425,276,1234
DATE_0610,1,2433,2426,276,1234
DATE_0536,1,2434,2427,206,134
DATE_2292,1,2435,2428,276,1234
DATE_1768,1,2436,2429,276,1234
DATE_0444,1,2437,2430,276,1234
DATE_0851,1,2438,2431,276,1234
DATE_0222,1,2439,2432,276,1234
DATE_1946,1,2440,2433,276,1234
DATE_0456,1,2441,2434,276,1234
DATE_0704,1,2442,2435,276,1234
DATE_1410,1,2443,2436,276,1234
DATE_2279,1,2444,2437,276,1234
DATE_0134,1,2445,2438,276,1234
DATE_0944,1,2446,2439,276,1234
DATE_0436,1,2447,2440,206,234
DATE_0118,1,2448,2441,276,1234
DATE_1447,1,2449,2442,276,1234
DATE_0981,1,2450,2443,276,1234
DATE_0057,1,2451,2444,276,1234
DATE_1215,1,2452,2445,276,1234
DATE_1078,1,2453,2446,276,1234
DATE_0095,1,2454,2447,276,1234
DATE_1964,1,2455,2448,276,1234
DATE_0925,1,2456,2449,276,1234
DATE_2317,1,2457,2450,276,1234
DATE_0938,1,2458,2451,276,1234
DATE_0429,1,2459,2452,276,1234
DATE_2269,1,2460,2453,276,1234
DATE_2020,1,2461,2454,276,1234
DATE_0251,1,2462,2455,276,1234
DATE_0557,1,2463,2456,276,1234
DATE_0902,1,2464,2457,276,1234
DATE_1279,1,2465,2458,276,1234
DATE_1536,1,2466,2459,206,124
DATE_0563,1,2467,2460,276,1234
DATE_2231,1,2468,2461,276,1234
DATE_1167,1,2469,2462,276,1234
DATE_1894,1,2470,2463,276,1234
DATE_0818,1,2471,2464,276,1234
DATE_1524,1,2472,2465,276,1234
DATE_0616,1,2473,2466,276,1234
DATE_0558,1,2474,2467,276,1234
DATE_0247,1,2475,2468,276,1234
DATE_1361,1,2476,2469,276,1234
DATE_2336,1,2477,2470,276,1234
DATE_0038,1,2478,2471,276,1234
DATE_0695,1,2479,2472,276,1234
DATE_0841,1,2480,2473,140,13
DATE_2483,1,2481,2474,210,123
DATE_1104,1,2482,2475,276,1234
DATE_1355,1,2483,2476,276,1234
DATE_1424,1,2484,2477,276,1234
DATE_0361,1,2485,2478,276,1234
DATE_2016,1,2486,2479,276,1234
DATE_2190,1,2487,2480,276,1234
DATE_0855,1,2488,2481,276,1234
DATE_0469,1,2489,2482,276,1234
DATE_0722,1,2490,2483,276,1234
DATE_0058,1,2491,2484,276,1234
DATE_0076,1,2492,2485,206,234
DATE_0130,1,2493,2486,206,234
DATE_1042,1,2494,2487,206,234
DATE_0520,1,2495,2488,276,1234
DATE_0220,1,2496,2489,276,1234
DATE_2229,1,2497,2490,136,14
DATE_1183,1,2498,2491,206,124
DATE_0883,1,2499,2492,276,1234
DATE_1392,1,2500,2493,140,13
DATE_1331,1,2501,2494,210,123
DATE_0291,1,2502,2495,210,123
DATE_2258,1,2503,2496,210,123
DATE_1353,1,2504,2497,210,123
DATE_1969,1,2505,2498,276,1234
DATE_1665,1,2506,2499,206,124
DATE_1066,1,2507,2500,206,234
DATE_0808,1,2508,2501,276,1234
DATE_1475,1,2509,2502,276,1234
DATE_1305,1,2510,2503,276,1234
DATE_0923,1,2511,2504,276,1234
DATE_0551,1,2512,2505,276,1234
DATE_1037,1,2513,2506,276,1234
DATE_2474,1,2514,2507,206,134
DATE_0526,1,2515,2508,276,1234
DATE_0087,1,2516,2509,276,1234
DATE_2060,1,2517,2510,276,1234
DATE_2496,1,2518,2511,276,1234
DATE_2446,1,2519,2512,276,1234
DATE_0688,1,2520,2513,276,1234
DATE_0177,1,2521,2514,276,1234
